State_Year,STATE,YEAR,TOTAL_REVENUE,TOTAL_EXPENDITURE,GRADES_9_12_G,GRADES_ALL_G
1992_AL,AL,1992,2678885,2653798,0,731634
1992_AK,AK,1992,1049591,972488,0,122487
1992_AZ,AZ,1992,3258079,3401580,0,673477
1992_AR,AR,1992,1711959,1743022,0,441490
1992_CA,CA,1992,26260025,27138832,0,5254844
1992_CO,CO,1992,3185173,3264826,0,612635
1992_CT,CT,1992,3834302,3721338,0,488476
1992_DE,DE,1992,645233,638784,0,104321
1992_DC,DC,1992,709480,742893,0,80937
1992_FL,FL,1992,11506299,11305642,0,1981407
1992_GA,GA,1992,5536901,5535942,0,1207186
1992_HI,HI,1992,996809,1040121,0,177448
1992_ID,ID,1992,859329,886161,0,231668
1992_IL,IL,1992,9748650,9850560,0,1873567
1992_IN,IN,1992,5060274,5182754,0,960630
1992_IA,IA,1992,2663934,2795774,0,494839
1992_KS,KS,1992,2245348,2234915,0,451536
1992_KY,KY,1992,2642902,2518082,0,655041
1992_LA,LA,1992,3341253,3362853,0,797985
1992_ME,ME,1992,1206819,1228869,0,216453
1992_MD,MD,1992,4658498,4698374,0,751850
1992_MA,MA,1992,5517659,5245560,0,859948
1992_MI,MI,1992,9963137,10170688,0,1603610
1992_MN,MN,1992,4684684,4981125,0,793724
1992_MS,MS,1992,1684706,1691990,0,506668
1992_MO,MO,1992,4043682,4197600,0,859357
1992_MT,MT,1992,828983,781009,0,160011
1992_NE,NE,1992,1542413,1534046,0,282414
1992_NV,NV,1992,1097076,1251651,0,222974
1992_NH,NH,1992,1063391,1066647,0,181247
1992_NJ,NJ,1992,10814689,10452340,0,1130560
1992_NM,NM,1992,1330091,1339829,0,315668
1992_NY,NY,1992,21630179,22815611,0,2689686
1992_NC,NC,1992,5236099,5418687,0,1114083
1992_ND,ND,1992,559481,553732,0,118734
1992_OH,OH,1992,9285961,9483822,0,1795199
1992_OK,OK,1992,2396705,2515272,0,597096
1992_OR,OR,1992,2773959,2898210,0,510122
1992_PA,PA,1992,11257252,11539253,0,1717613
1992_RI,RI,1992,883073,863404,0,143798
1992_SC,SC,1992,2842626,2922293,0,640464
1992_SD,SD,1992,551668,593126,0,134573
1992_TN,TN,1992,3080490,3132516,0,855231
1992_TX,TX,1992,16264180,16119084,0,3541769
1992_UT,UT,1992,1555799,1547980,0,463870
1992_VT,VT,1992,812377,800377,0,98558
1992_VA,VA,1992,5631293,5744469,0,1031925
1992_WA,WA,1992,4870832,5360834,0,896475
1992_WV,WV,1992,1585099,1587968,0,318296
1992_WI,WI,1992,4993909,5181471,0,829415
1992_WY,WY,1992,629748,624941,0,100313
1993_AL,AL,1993,2827391,2833433,0,734288
1993_AK,AK,1993,1191398,1126398,0,125948
1993_AZ,AZ,1993,3427976,3623946,0,709453
1993_AR,AR,1993,1346909,1376067,0,444271
1993_CA,CA,1993,28043338,28110986,0,5327231
1993_CO,CO,1993,3058326,3028305,0,625062
1993_CT,CT,1993,4064158,4079943,0,496298
1993_DE,DE,1993,683954,694534,0,105547
1993_DC,DC,1993,721151,719440,0,80678
1993_FL,FL,1993,11370156,11425183,0,2040763
1993_GA,GA,1993,4716559,4647974,0,1235304
1993_HI,HI,1993,1062475,1063090,0,180410
1993_ID,ID,1993,890835,899819,0,236774
1993_IL,IL,1993,10584624,10744695,0,1893078
1993_IN,IN,1993,5833420,5668599,0,965633
1993_IA,IA,1993,2880731,2889377,0,498519
1993_KS,KS,1993,2386945,2522542,0,457614
1993_KY,KY,1993,2381148,2283431,0,655265
1993_LA,LA,1993,3438321,3427102,0,800560
1993_ME,ME,1993,1368095,1321846,0,216995
1993_MD,MD,1993,4918010,4898895,0,772638
1993_MA,MA,1993,6121612,5679261,0,877726
1993_MI,MI,1993,11034174,11430958,0,1599377
1993_MN,MN,1993,4862635,5290504,0,810233
1993_MS,MS,1993,1170109,1167032,0,505907
1993_MO,MO,1993,4196601,4234845,0,866378
1993_MT,MT,1993,813998,833435,0,163009
1993_NE,NE,1993,1625242,1642376,0,285097
1993_NV,NV,1993,1148268,1265367,0,235800
1993_NH,NH,1993,1109743,1091814,0,185360
1993_NJ,NJ,1993,6747567,6641624,0,1151307
1993_NM,NM,1993,1217194,1223185,0,322292
1993_NY,NY,1993,22688753,23934282,0,2733813
1993_NC,NC,1993,5583166,5475174,0,1133231
1993_ND,ND,1993,580148,588983,0,119127
1993_OH,OH,1993,10841606,10385253,0,1807319
1993_OK,OK,1993,1436505,1428916,0,604076
1993_OR,OR,1993,3141217,3149126,0,516611
1993_PA,PA,1993,12269422,12809067,0,1744082
1993_RI,RI,1993,919594,901540,0,145676
1993_SC,SC,1993,3031112,2994038,0,643696
1993_SD,SD,1993,465650,481665,0,142825
1993_TN,TN,1993,3268642,3286481,0,866557
1993_TX,TX,1993,20267205,18574871,0,3608262
1993_UT,UT,1993,1638305,1665011,0,471365
1993_VT,VT,1993,837540,809853,0,102755
1993_VA,VA,1993,5918536,5955333,0,1045471
1993_WA,WA,1993,5270961,5791436,0,915952
1993_WV,WV,1993,1832154,1829848,0,314383
1993_WI,WI,1993,5357945,5640718,0,844001
1993_WY,WY,1993,615130,614807,0,100899
1994_AL,AL,1994,2970223,3103266,0,736531
1994_AK,AK,1994,1052282,1116160,0,127057
1994_AZ,AZ,1994,3566586,3803379,0,737424
1994_AR,AR,1994,1393287,1445984,0,447565
1994_CA,CA,1994,23440845,23012688,0,5407475
1994_CO,CO,1994,3061865,3113755,0,640521
1994_CT,CT,1994,4268860,4132350,0,506824
1994_DE,DE,1994,705798,732323,0,106813
1994_DC,DC,1994,735720,769818,0,80450
1994_FL,FL,1994,12315950,12469073,0,2111188
1994_GA,GA,1994,6824191,6597359,0,1270948
1994_HI,HI,1994,1133949,1146267,0,183795
1994_ID,ID,1994,949999,974781,0,240448
1994_IL,IL,1994,11309803,10743708,0,1916172
1994_IN,IN,1994,6121754,6061435,0,969022
1994_IA,IA,1994,2987394,2974072,0,500440
1994_KS,KS,1994,2700587,2643192,0,460838
1994_KY,KY,1994,2491948,2392549,0,657642
1994_LA,LA,1994,3571864,3539581,0,797933
1994_ME,ME,1994,1357116,1338353,0,212601
1994_MD,MD,1994,5141505,5187683,0,790938
1994_MA,MA,1994,6410757,6391131,0,893727
1994_MI,MI,1994,11762546,12023935,0,1614784
1994_MN,MN,1994,5262482,5581140,0,821693
1994_MS,MS,1994,1911579,1919812,0,505962
1994_MO,MO,1994,4488359,4575564,0,878541
1994_MT,MT,1994,878986,878084,0,164341
1994_NE,NE,1994,1710913,1769248,0,287100
1994_NV,NV,1994,1266549,1344245,0,250747
1994_NH,NH,1994,1145147,1119762,0,189319
1994_NJ,NJ,1994,6957898,6765105,0,1174206
1994_NM,NM,1994,1342868,1223759,0,327248
1994_NY,NY,1994,23933662,25359726,0,2766208
1994_NC,NC,1994,5648390,5740906,0,1156767
1994_ND,ND,1994,603902,621313,0,119288
1994_OH,OH,1994,10735756,10780138,0,1814290
1994_OK,OK,1994,1518540,1529205,0,609718
1994_OR,OR,1994,3088542,3191792,0,521945
1994_PA,PA,1994,13271564,13701725,0,1764946
1994_RI,RI,1994,1012987,994885,0,147487
1994_SC,SC,1994,3179542,3156251,0,648725
1994_SD,SD,1994,507927,525289,0,143482
1994_TN,TN,1994,3535898,3661470,0,881425
1994_TX,TX,1994,19713604,19224149,0,3677171
1994_UT,UT,1994,1792011,1846448,0,474675
1994_VT,VT,1994,892124,869710,0,104533
1994_VA,VA,1994,6125739,6276362,0,1060809
1994_WA,WA,1994,5739012,5968590,0,938314
1994_WV,WV,1994,1854403,1843973,0,310511
1994_WI,WI,1994,5682439,5860230,0,860581
1994_WY,WY,1994,674921,623146,0,100314
1995_AL,AL,1995,3367437,3353363,0,746149
1995_AK,AK,1995,1117068,1203817,0,127618
1995_AZ,AZ,1995,3815218,4056279,0,743566
1995_AR,AR,1995,2057550,2155067,0,453257
1995_CA,CA,1995,29512214,30097549,0,5536406
1995_CO,CO,1995,3709875,3766191,0,656279
1995_CT,CT,1995,4420632,4252186,0,517935
1995_DE,DE,1995,802018,772669,0,108461
1995_DC,DC,1995,700111,708224,0,79802
1995_FL,FL,1995,13242710,13473977,0,2176222
1995_GA,GA,1995,7052825,7292267,0,1311126
1995_HI,HI,1995,1173579,1157159,0,187180
1995_ID,ID,1995,1083215,1108075,0,243097
1995_IL,IL,1995,12236673,11821661,0,1943623
1995_IN,IN,1995,6514934,6377558,0,977263
1995_IA,IA,1995,3076971,3100772,0,502343
1995_KS,KS,1995,2826943,2756682,0,463008
1995_KY,KY,1995,3508673,3415870,0,659821
1995_LA,LA,1995,3791795,3735603,0,797366
1995_ME,ME,1995,1446745,1438795,0,213569
1995_MD,MD,1995,5580123,5610071,0,805544
1995_MA,MA,1995,7326904,6706082,0,915007
1995_MI,MI,1995,12500208,12477806,0,1641456
1995_MN,MN,1995,5744447,6155324,0,835166
1995_MS,MS,1995,2118973,2160068,0,506272
1995_MO,MO,1995,4852467,4957215,0,889881
1995_MT,MT,1995,911284,899635,0,165547
1995_NE,NE,1995,1832463,1874253,0,289744
1995_NV,NV,1995,1367710,1381200,0,265041
1995_NH,NH,1995,1197945,1232465,0,194171
1995_NJ,NJ,1995,11870183,11961696,0,1197381
1995_NM,NM,1995,1646265,1540683,0,329640
1995_NY,NY,1995,25063999,26540967,0,2813230
1995_NC,NC,1995,6076939,6217951,0,1183090
1995_ND,ND,1995,642234,621904,0,119100
1995_OH,OH,1995,11368650,11330046,0,1836015
1995_OK,OK,1995,3156526,3180275,0,616393
1995_OR,OR,1995,3302062,3255984,0,527914
1995_PA,PA,1995,13957035,14135826,0,1787533
1995_RI,RI,1995,1089859,1056716,0,149799
1995_SC,SC,1995,3389646,3286673,0,645586
1995_SD,SD,1995,684882,693964,0,144685
1995_TN,TN,1995,3870164,3958973,0,893770
1995_TX,TX,1995,20483376,20198924,0,3748167
1995_UT,UT,1995,1953833,2045331,0,477121
1995_VT,VT,1995,934916,891398,0,105565
1995_VA,VA,1995,6354418,6590998,0,1079854
1995_WA,WA,1995,5985425,6200754,0,956572
1995_WV,WV,1995,1916605,1925100,0,307112
1995_WI,WI,1995,6006745,6056854,0,870175
1995_WY,WY,1995,634237,642935,0,99859
1996_AL,AL,1996,3365113,3572283,0,747932
1996_AK,AK,1996,1120346,1240031,0,129919
1996_AZ,AZ,1996,4143304,4391555,0,799250
1996_AR,AR,1996,2183384,2297381,0,457349
1996_CA,CA,1996,31282981,31561692,0,5686198
1996_CO,CO,1996,3891203,4075165,0,673438
1996_CT,CT,1996,4686025,4538234,0,527129
1996_DE,DE,1996,860410,823530,0,110549
1996_DC,DC,1996,678874,703245,0,78648
1996_FL,FL,1996,13684457,13936240,0,2242212
1996_GA,GA,1996,7764687,7934236,0,1346761
1996_HI,HI,1996,1199019,1231550,0,187653
1996_ID,ID,1996,1134052,1198223,0,245252
1996_IL,IL,1996,12732129,12423100,0,1973040
1996_IN,IN,1996,6422662,6644035,0,982876
1996_IA,IA,1996,3258040,3284185,0,502941
1996_KS,KS,1996,2914544,3007653,0,466293
1996_KY,KY,1996,3622788,3826435,0,656089
1996_LA,LA,1996,3879633,3815375,0,793296
1996_ME,ME,1996,1485138,1465093,0,213593
1996_MD,MD,1996,5688918,5825606,0,818583
1996_MA,MA,1996,7129757,7479576,0,933898
1996_MI,MI,1996,13012080,13071893,0,1685714
1996_MN,MN,1996,6101416,6423285,0,847204
1996_MS,MS,1996,2241561,2268726,0,503967
1996_MO,MO,1996,5251014,5277785,0,900517
1996_MT,MT,1996,944623,924259,0,164627
1996_NE,NE,1996,1909834,1940808,0,291967
1996_NV,NV,1996,1551169,1608989,0,282131
1996_NH,NH,1996,1269380,1295106,0,198308
1996_NJ,NJ,1996,12389781,12469216,0,1227832
1996_NM,NM,1996,1750519,1642517,0,332632
1996_NY,NY,1996,26026366,26974514,0,2843131
1996_NC,NC,1996,6516400,6517111,0,1210108
1996_ND,ND,1996,655971,657809,0,120123
1996_OH,OH,1996,12172778,11935582,0,1844698
1996_OK,OK,1996,3185234,3195426,0,620695
1996_OR,OR,1996,3375710,3509765,0,537854
1996_PA,PA,1996,14671368,15048791,0,1804256
1996_RI,RI,1996,1135192,1092459,0,151324
1996_SC,SC,1996,3594408,3493720,0,652816
1996_SD,SD,1996,710728,689818,0,143331
1996_TN,TN,1996,4123018,4284181,0,904818
1996_TX,TX,1996,22241369,22401797,0,3828975
1996_UT,UT,1996,2035726,2150719,0,481812
1996_VT,VT,1996,965238,975817,0,106341
1996_VA,VA,1996,6674519,6903384,0,1096093
1996_WA,WA,1996,6354593,6578388,0,974504
1996_WV,WV,1996,1958647,1936848,0,304052
1996_WI,WI,1996,6342623,6521058,0,879259
1996_WY,WY,1996,664057,676305,0,99058
1997_AL,AL,1997,3981788,3963624,208148,749207
1997_AK,AK,1997,1131950,1237103,36474,132123
1997_AZ,AZ,1997,4343262,4432360,217764,814113
1997_AR,AR,1997,2355859,2379496,133449,456497
1997_CA,CA,1997,35614934,33862281,1578929,5803887
1997_CO,CO,1997,4133275,4398196,192259,687167
1997_CT,CT,1997,4788489,4642835,140872,535164
1997_DE,DE,1997,898926,889631,33188,111960
1997_DC,DC,1997,711625,686059,15896,77111
1997_FL,FL,1997,14363709,14564750,613761,2294077
1997_GA,GA,1997,8248199,8483477,365429,1375980
1997_HI,HI,1997,1213792,1241375,53448,189887
1997_ID,ID,1997,1200186,1293705,75579,244403
1997_IL,IL,1997,13929105,13920593,558129,1998289
1997_IN,IN,1997,7885141,7325086,291854,986836
1997_IA,IA,1997,3406582,3485339,155528,501054
1997_KS,KS,1997,3029537,2949608,140182,468687
1997_KY,KY,1997,3842885,3903139,192093,669322
1997_LA,LA,1997,4106095,4027228,207966,776813
1997_ME,ME,1997,1537085,1527663,58543,212579
1997_MD,MD,1997,6040883,6217120,221995,830744
1997_MA,MA,1997,7585624,7479407,252519,949006
1997_MI,MI,1997,13759710,14235902,441403,1702717
1997_MN,MN,1997,6304977,6890773,265896,853621
1997_MS,MS,1997,2274700,2319324,133301,504792
1997_MO,MO,1997,5550134,5527705,258082,910613
1997_MT,MT,1997,989991,972059,50288,162335
1997_NE,NE,1997,1994021,1946725,90997,292681
1997_NV,NV,1997,1701290,1905940,77801,296621
1997_NH,NH,1997,1339186,1431472,56301,201629
1997_NJ,NJ,1997,12910890,13242022,306327,1250276
1997_NM,NM,1997,1768148,1826524,96080,331673
1997_NY,NY,1997,26775074,28227561,776218,2861823
1997_NC,NC,1997,6827952,7007690,329647,1236083
1997_ND,ND,1997,683331,679692,38242,118572
1997_OH,OH,1997,12630491,12421963,547865,1847114
1997_OK,OK,1997,3413742,3390894,177929,623681
1997_OR,OR,1997,3477420,3792572,159559,541346
1997_PA,PA,1997,15184431,15777276,535069,1815151
1997_RI,RI,1997,1185534,1175638,41373,153321
1997_SC,SC,1997,3874045,3921465,186592,659273
1997_SD,SD,1997,747462,711052,44300,142443
1997_TN,TN,1997,4390879,4695409,239659,893044
1997_TX,TX,1997,23091567,23671010,1059416,3891877
1997_UT,UT,1997,2187279,2178778,149227,482957
1997_VT,VT,1997,1022546,1069297,30836,105984
1997_VA,VA,1997,7345090,7436340,303531,1110815
1997_WA,WA,1997,6667626,6792261,296744,991235
1997_WV,WV,1997,2053981,2018185,94012,301419
1997_WI,WI,1997,6724752,6990489,278072,881780
1997_WY,WY,1997,660079,695127,31388,97115
1998_AL,AL,1998,4140537,4245033,205630,747980
1998_AK,AK,1998,1206195,1222893,38394,135373
1998_AZ,AZ,1998,4675296,4726098,224867,848262
1998_AR,AR,1998,2567380,2536027,132507,452256
1998_CA,CA,1998,39183018,38087666,1627284,5926037
1998_CO,CO,1998,4359021,4739136,197136,699135
1998_CT,CT,1998,5024673,4810851,145317,544698
1998_DE,DE,1998,934530,915207,33307,113262
1998_DC,DC,1998,706938,716740,13932,71889
1998_FL,FL,1998,15595671,15155383,633609,2337633
1998_GA,GA,1998,9207163,8990897,371905,1401291
1998_HI,HI,1998,1279125,1266378,53338,188069
1998_ID,ID,1998,1310960,1342719,76118,244722
1998_IL,IL,1998,14688777,15207067,558505,2011530
1998_IN,IN,1998,7656749,7649103,289486,989001
1998_IA,IA,1998,3589705,3650286,155834,498214
1998_KS,KS,1998,3207670,3087318,142094,472353
1998_KY,KY,1998,3938009,4018512,188371,655687
1998_LA,LA,1998,4443468,4379797,205393,768734
1998_ME,ME,1998,1611926,1601411,58917,211051
1998_MD,MD,1998,6521269,6519389,231534,841671
1998_MA,MA,1998,7726497,8098720,257693,962317
1998_MI,MI,1998,14712250,14905765,448867,1720287
1998_MN,MN,1998,6672384,6815289,269736,856455
1998_MS,MS,1998,2400660,2543454,130815,502379
1998_MO,MO,1998,5990499,5849648,259990,913494
1998_MT,MT,1998,1035636,1007146,50348,159988
1998_NE,NE,1998,2062836,1966403,91386,291140
1998_NV,NV,1998,1906860,2030065,81767,311061
1998_NH,NH,1998,1420100,1428447,57924,204713
1998_NJ,NJ,1998,13786951,13973201,307945,1268996
1998_NM,NM,1998,1913783,1933538,96268,328753
1998_NY,NY,1998,27900803,29853891,774469,2877143
1998_NC,NC,1998,7516979,7688076,333983,1254821
1998_ND,ND,1998,731384,715126,38001,114927
1998_OH,OH,1998,13577343,13005301,541138,1842163
1998_OK,OK,1998,3559980,3617938,179642,628492
1998_OR,OR,1998,3892091,3939722,162272,542809
1998_PA,PA,1998,15671363,16432921,535400,1816414
1998_RI,RI,1998,1255280,1221558,42113,154785
1998_SC,SC,1998,4109130,4241163,186742,664600
1998_SD,SD,1998,793101,781279,41546,132495
1998_TN,TN,1998,4757639,4988208,240872,905454
1998_TX,TX,1998,24485263,25723965,1077158,3945367
1998_UT,UT,1998,2295870,2326611,147857,481176
1998_VT,VT,1998,1089658,1064388,31522,105120
1998_VA,VA,1998,7723744,7813707,308627,1124022
1998_WA,WA,1998,6928738,7211601,302103,998053
1998_WV,WV,1998,2178936,2100841,91413,297530
1998_WI,WI,1998,7083655,7532110,278839,879542
1998_WY,WY,1998,703280,706801,31292,95241
1999_AL,AL,1999,4471546,4622810,202045,740732
1999_AK,AK,1999,1243227,1289988,38790,134391
1999_AZ,AZ,1999,5085826,5072471,228813,852612
1999_AR,AR,1999,2684966,2650808,132893,451034
1999_CA,CA,1999,41393435,40834643,1675778,6038590
1999_CO,CO,1999,4740254,5040224,200982,708109
1999_CT,CT,1999,5460213,5269517,150080,553993
1999_DE,DE,1999,1004472,960335,32562,112836
1999_DC,DC,1999,758072,738942,15849,77194
1999_FL,FL,1999,17093036,16156822,655903,2381396
1999_GA,GA,1999,10380164,10106670,378732,1422762
1999_HI,HI,1999,1328572,1357649,52565,185860
1999_ID,ID,1999,1405250,1409367,76314,245136
1999_IL,IL,1999,16208970,16783840,563940,2027600
1999_IN,IN,1999,8167164,8196714,287282,988702
1999_IA,IA,1999,3740509,3789049,155506,497301
1999_KS,KS,1999,3390596,3189867,143129,472188
1999_KY,KY,1999,4188131,4305678,186919,648180
1999_LA,LA,1999,4641847,4702496,205282,756579
1999_ME,ME,1999,1708133,1699835,59860,209253
1999_MD,MD,1999,6850334,6892276,236400,846582
1999_MA,MA,1999,8388120,8673439,265174,971425
1999_MI,MI,1999,15248112,15837858,454253,1725639
1999_MN,MN,1999,6949149,7450965,273671,854034
1999_MS,MS,1999,2532681,2811852,129342,500716
1999_MO,MO,1999,6238901,6228001,262807,914110
1999_MT,MT,1999,1049369,1026263,49965,157556
1999_NE,NE,1999,2212104,2062226,91247,288261
1999_NV,NV,1999,2089048,2298474,85966,325610
1999_NH,NH,1999,1498286,1491560,59868,206783
1999_NJ,NJ,1999,14977501,14927302,312631,1289256
1999_NM,NM,1999,2068337,2098998,95903,324495
1999_NY,NY,1999,30215370,31841870,781175,2887776
1999_NC,NC,1999,8476795,8674393,341200,1275925
1999_ND,ND,1999,770094,756337,37783,112751
1999_OH,OH,1999,14507056,13865260,540104,1836554
1999_OK,OK,1999,3788901,3817848,179387,627032
1999_OR,OR,1999,4080653,4172435,165730,545033
1999_PA,PA,1999,16361921,17113809,541172,1816716
1999_RI,RI,1999,1358566,1289045,42751,156454
1999_SC,SC,1999,4365352,4610436,183055,666780
1999_SD,SD,1999,825851,838078,41400,131037
1999_TN,TN,1999,5059587,5446555,251809,916202
1999_TX,TX,1999,26096023,27883593,1095930,3991783
1999_UT,UT,1999,2425600,2448591,146450,480255
1999_VT,VT,1999,1147600,1129982,31913,104559
1999_VA,VA,1999,8331336,8335873,316757,1133994
1999_WA,WA,1999,7288143,7489129,308964,1003714
1999_WV,WV,1999,2190420,2169432,88049,291811
1999_WI,WI,1999,7415243,7875805,281314,877753
1999_WY,WY,1999,780875,739019,30436,92105
2000_AL,AL,2000,4885917,5003267,201358,739992
2000_AK,AK,2000,1313510,1386904,38914,133356
2000_AZ,AZ,2000,5479168,5397194,236933,877696
2000_AR,AR,2000,2844855,2683400,131511,449959
2000_CA,CA,2000,46628207,45829753,1707952,6140814
2000_CO,CO,2000,5073266,5444193,207942,724508
2000_CT,CT,2000,5884078,5605280,155734,562179
2000_DE,DE,2000,1098555,1040480,33875,114676
2000_DC,DC,2000,881423,858807,13781,68925
2000_FL,FL,2000,17558787,17180954,674919,2434821
2000_GA,GA,2000,11197766,10884510,384954,1444937
2000_HI,HI,2000,1404895,1363511,52031,184360
2000_ID,ID,2000,1452222,1467977,74696,245117
2000_IL,IL,2000,17595047,18073190,573246,2048792
2000_IN,IN,2000,8489991,8518477,283832,989267
2000_IA,IA,2000,3822452,3974813,155073,495080
2000_KS,KS,2000,3518271,3327090,143784,470610
2000_KY,KY,2000,4330089,4510972,191816,665850
2000_LA,LA,2000,4785331,4807097,194653,743089
2000_ME,ME,2000,1792390,1842276,60782,207037
2000_MD,MD,2000,7419047,7355698,240843,852920
2000_MA,MA,2000,9464271,9466363,272575,975150
2000_MI,MI,2000,15939477,16580526,486726,1720626
2000_MN,MN,2000,7344747,7736391,276574,854340
2000_MS,MS,2000,2743284,2996474,128171,497871
2000_MO,MO,2000,6675260,6708608,265356,912744
2000_MT,MT,2000,1104935,1051768,49565,154875
2000_NE,NE,2000,2263952,2165529,90713,286199
2000_NV,NV,2000,2252416,2437438,89966,340706
2000_NH,NH,2000,1586869,1640395,61254,208461
2000_NJ,NJ,2000,15651060,15907248,322555,1313405
2000_NM,NM,2000,2191695,2165031,95427,320306
2000_NY,NY,2000,31906526,33683043,782021,2882188
2000_NC,NC,2000,9064700,9275837,348168,1293638
2000_ND,ND,2000,812982,802768,36780,109201
2000_OH,OH,2000,15327834,14909952,541403,1835049
2000_OK,OK,2000,3906833,3876871,176709,623110
2000_OR,OR,2000,4369400,4398318,166182,546231
2000_PA,PA,2000,17090654,17861852,550652,1814311
2000_RI,RI,2000,1464820,1388454,43616,157347
2000_SC,SC,2000,4690418,4961392,184185,677411
2000_SD,SD,2000,868161,898609,40718,128603
2000_TN,TN,2000,5338531,5805181,241038,909161
2000_TX,TX,2000,28918934,31067935,1116572,4059619
2000_UT,UT,2000,2546642,2478420,143721,481485
2000_VT,VT,2000,1211370,1193813,31624,102049
2000_VA,VA,2000,8911426,9154676,329148,1144915
2000_WA,WA,2000,7620930,7811937,310403,1004770
2000_WV,WV,2000,2243151,2243563,84972,286367
2000_WI,WI,2000,7848352,8183251,284736,879476
2000_WY,WY,2000,787323,769923,29783,89940
2001_AL,AL,2001,4832946,5086045,201610,737190
2001_AK,AK,2001,1325498,1402839,39461,134358
2001_AZ,AZ,2001,5916342,5858385,249920,922180
2001_AR,AR,2001,2974588,2951677,131418,449805
2001_CA,CA,2001,53288943,52082540,1745295,6247726
2001_CO,CO,2001,5372784,5727966,212989,742145
2001_CT,CT,2001,6331569,5987680,160211,570228
2001_DE,DE,2001,1153831,1175717,34257,115560
2001_DC,DC,2001,1042261,1026146,13530,68449
2001_FL,FL,2001,18467090,18389394,703064,2500478
2001_GA,GA,2001,12271962,11853800,395439,1470634
2001_HI,HI,2001,1682332,1363164,52613,184546
2001_ID,ID,2001,1571348,1535485,75098,246521
2001_IL,IL,2001,18534372,19337580,585396,2071391
2001_IN,IN,2001,9124748,8991877,282531,996133
2001_IA,IA,2001,4068110,4211493,153856,485932
2001_KS,KS,2001,3681845,3491029,143570,470205
2001_KY,KY,2001,4536133,4350588,179275,654363
2001_LA,LA,2001,4982369,4939894,193536,731328
2001_ME,ME,2001,1914551,1958646,61067,205586
2001_MD,MD,2001,7864290,7981362,246807,860640
2001_MA,MA,2001,10613329,10572138,273644,973140
2001_MI,MI,2001,16772419,17573761,497159,1730668
2001_MN,MN,2001,7836617,8221636,278356,851384
2001_MS,MS,2001,2823151,2930393,126361,493507
2001_MO,MO,2001,7081783,7100685,265810,909792
2001_MT,MT,2001,1139959,1129098,49151,151947
2001_NE,NE,2001,2355374,2344564,90442,285095
2001_NV,NV,2001,2381897,2692840,94323,356814
2001_NH,NH,2001,1757828,1796043,62286,206847
2001_NJ,NJ,2001,16854895,17144456,349406,1341656
2001_NM,NM,2001,2373143,2315182,95224,320260
2001_NY,NY,2001,34373567,38062603,790657,2872132
2001_NC,NC,2001,9670620,9807815,359398,1315363
2001_ND,ND,2001,818139,814838,35593,106047
2001_OH,OH,2001,16693845,16282257,544353,1830985
2001_OK,OK,2001,4257128,4288405,175124,622139
2001_OR,OR,2001,4561948,4715944,169117,551480
2001_PA,PA,2001,17792997,18666522,563698,1821627
2001_RI,RI,2001,1592622,1504125,45263,158046
2001_SC,SC,2001,5437615,5492539,189475,676198
2001_SD,SD,2001,886661,950595,40479,127542
2001_TN,TN,2001,5560822,6165661,250392,924899
2001_TX,TX,2001,30868844,33201450,1147233,4163447
2001_UT,UT,2001,2741771,2669621,142021,484677
2001_VT,VT,2001,1300273,1306513,31787,101179
2001_VA,VA,2001,9493862,9862715,336897,1163091
2001_WA,WA,2001,7936037,8026334,312943,1009200
2001_WV,WV,2001,2321731,2310098,82857,282885
2001_WI,WI,2001,8363904,8574804,287557,879361
2001_WY,WY,2001,804297,787949,29035,88128
2002_AL,AL,2002,5128559,5147821,206159,739366
2002_AK,AK,2002,1377767,1523327,39984,134364
2002_AZ,AZ,2002,6192222,6018188,276984,937755
2002_AR,AR,2002,3147921,3087453,131716,450985
2002_CA,CA,2002,54727056,56464225,1807054,6353667
2002_CO,CO,2002,5849588,6237142,217397,751862
2002_CT,CT,2002,6644334,6475918,164025,570023
2002_DE,DE,2002,1180255,1246284,34121,116342
2002_DC,DC,2002,1138126,1145684,15374,76166
2002_FL,FL,2002,18541689,19051049,730650,2539929
2002_GA,GA,2002,13042229,12690343,407451,1496012
2002_HI,HI,2002,1889600,1436637,52922,183829
2002_ID,ID,2002,1625444,1666027,75355,248604
2002_IL,IL,2002,19084554,20563001,595349,2084187
2002_IN,IN,2002,9273957,9353054,288607,1003875
2002_IA,IA,2002,4191217,4418238,152147,482210
2002_KS,KS,2002,3823261,3690815,144334,470957
2002_KY,KY,2002,4621025,4541670,182479,660782
2002_LA,LA,2002,5229238,5298267,192902,730464
2002_ME,ME,2002,2041986,2057022,61873,204337
2002_MD,MD,2002,8430663,8568446,253506,866743
2002_MA,MA,2002,11217085,11507438,281939,982989
2002_MI,MI,2002,18055855,18881772,517152,1785160
2002_MN,MN,2002,8065042,8716123,279190,846891
2002_MS,MS,2002,3029559,3026111,126932,492645
2002_MO,MO,2002,7455539,7636924,271262,906499
2002_MT,MT,2002,1168799,1163960,48727,149995
2002_NE,NE,2002,2528312,2562812,90289,285402
2002_NV,NV,2002,2592064,2913023,98538,369498
2002_NH,NH,2002,1887115,1956047,63988,207671
2002_NJ,NJ,2002,18071365,18155147,369109,1367438
2002_NM,NM,2002,2537261,2542682,95737,320234
2002_NY,NY,2002,35748163,39585780,802393,2888233
2002_NC,NC,2002,9701231,9882399,371987,1335954
2002_ND,ND,2002,846759,838666,35136,104225
2002_OH,OH,2002,17589983,17608944,554490,1838285
2002_OK,OK,2002,4370415,4467944,174356,624548
2002_OR,OR,2002,4772603,4980466,171361,554071
2002_PA,PA,2002,18586743,20018554,571910,1816747
2002_RI,RI,2002,1633707,1600087,46661,159205
2002_SC,SC,2002,5627004,5897462,193962,694389
2002_SD,SD,2002,930874,981977,40598,130048
2002_TN,TN,2002,5785857,6363357,254271,927608
2002_TX,TX,2002,32802734,35668486,1180158,4259823
2002_UT,UT,2002,2865058,2924051,141839,489262
2002_VT,VT,2002,1387074,1392880,31807,99978
2002_VA,VA,2002,9914221,10209197,345720,1177229
2002_WA,WA,2002,8250593,8362656,317607,1014798
2002_WV,WV,2002,2413744,2427316,82281,282455
2002_WI,WI,2002,8624767,8863966,289528,881231
2002_WY,WY,2002,908719,868607,28190,88116
2003_AL,AL,2003,5196054,5298932,205907,731220
2003_AK,AK,2003,1425948,1610289,40238,133933
2003_AZ,AZ,2003,6529894,6210287,307272,1012068
2003_AR,AR,2003,3241275,3242799,132712,454523
2003_CA,CA,2003,59815855,59749885,1854518,6413867
2003_CO,CO,2003,6297242,6685029,221368,757693
2003_CT,CT,2003,6959891,6751815,169409,577203
2003_DE,DE,2003,1242436,1317447,34770,117668
2003_DC,DC,2003,1114061,1105963,16828,78057
2003_FL,FL,2003,19549835,20180142,755252,2587628
2003_GA,GA,2003,13524807,13516783,419430,1522611
2003_HI,HI,2003,2078877,1602392,53519,183609
2003_ID,ID,2003,1685984,1726941,76696,252120
2003_IL,IL,2003,19627346,21278177,606669,2100961
2003_IN,IN,2003,8246076,9777720,293532,1011130
2003_IA,IA,2003,4374803,4517990,152565,481226
2003_KS,KS,2003,4068800,3818740,143559,470490
2003_KY,KY,2003,4872025,4700494,183599,663369
2003_LA,LA,2003,5478321,5515322,191319,727709
2003_ME,ME,2003,2162605,2154117,62659,202084
2003_MD,MD,2003,8700979,8732518,260526,869113
2003_MA,MA,2003,11591832,11382398,288329,980459
2003_MI,MI,2003,18488359,19680370,514701,1757604
2003_MN,MN,2003,8484497,8938770,278805,842854
2003_MS,MS,2003,3260771,3205193,127333,493540
2003_MO,MO,2003,7622601,7905481,273466,905941
2003_MT,MT,2003,1205602,1214879,48092,148356
2003_NE,NE,2003,2600831,2623966,90125,285542
2003_NV,NV,2003,2778564,3009028,104650,385401
2003_NH,NH,2003,2028602,2122604,65325,207417
2003_NJ,NJ,2003,19785039,19812932,382910,1380753
2003_NM,NM,2003,2626262,2658140,97034,323066
2003_NY,NY,2003,38033080,41603390,820478,2864775
2003_NC,NC,2003,9907235,9989670,386190,1360209
2003_ND,ND,2003,882913,895278,34363,102233
2003_OH,OH,2003,18018740,18760200,567226,1845428
2003_OK,OK,2003,4426835,4376502,174652,626160
2003_OR,OR,2003,4592019,4978764,172375,551273
2003_PA,PA,2003,19811545,20626459,582624,1821146
2003_RI,RI,2003,1728055,1646238,48166,159375
2003_SC,SC,2003,5709707,6024747,198455,699198
2003_SD,SD,2003,965778,993823,39522,125537
2003_TN,TN,2003,5994756,6482671,261405,936682
2003_TX,TX,2003,35143236,37333674,1199167,4331751
2003_UT,UT,2003,2875622,2957874,142140,495981
2003_VT,VT,2003,1451171,1440961,32091,99103
2003_VA,VA,2003,10504167,10746679,354832,1192092
2003_WA,WA,2003,8565636,8802387,322101,1021349
2003_WV,WV,2003,2497707,2524444,82375,281215
2003_WI,WI,2003,8931497,9128279,290219,880031
2003_WY,WY,2003,962240,915515,27703,87462
2004_AL,AL,2004,5356113,5450269,208383,730140
2004_AK,AK,2004,1477152,1647250,40989,132970
2004_AZ,AZ,2004,7117923,6731212,320690,1043298
2004_AR,AR,2004,3385818,3539569,134641,463115
2004_CA,CA,2004,60162326,62647953,1915361,6441557
2004_CO,CO,2004,6527456,6869975,225281,765976
2004_CT,CT,2004,7276945,7087023,173221,577390
2004_DE,DE,2004,1334523,1373416,35492,119091
2004_DC,DC,2004,1081501,1087040,17725,76714
2004_FL,FL,2004,21623923,21896220,781538,2639336
2004_GA,GA,2004,14136215,13779680,435058,1553437
2004_HI,HI,2004,2138137,1734591,54292,183185
2004_ID,ID,2004,1733838,1744954,77863,256084
2004_IL,IL,2004,21082441,21681903,613676,2097503
2004_IN,IN,2004,10423578,10312694,301342,1021348
2004_IA,IA,2004,4396136,4443289,154150,478319
2004_KS,KS,2004,4377709,3982036,143537,469136
2004_KY,KY,2004,5135262,5259909,187435,674796
2004_LA,LA,2004,5713792,5708535,190530,724281
2004_ME,ME,2004,2228749,2291174,62545,198820
2004_MD,MD,2004,9123493,8921938,268144,865561
2004_MA,MA,2004,11979937,12033345,293399,975574
2004_MI,MI,2004,18663799,20060708,525196,1751290
2004_MN,MN,2004,8688315,8963393,280056,838503
2004_MS,MS,2004,3481643,3473928,129253,495376
2004_MO,MO,2004,7893957,7896438,276782,905449
2004_MT,MT,2004,1270790,1241417,47906,146705
2004_NE,NE,2004,2734724,2667987,90945,285761
2004_NV,NV,2004,3069531,3228619,111314,400083
2004_NH,NH,2004,2194562,2236010,66535,206852
2004_NJ,NJ,2004,21398391,21467607,400085,1393347
2004_NM,NM,2004,2855893,2882631,98202,326102
2004_NY,NY,2004,40820776,42953568,840949,2836337
2004_NC,NC,2004,10569600,10263463,400014,1385754
2004_ND,ND,2004,925393,957480,33391,100513
2004_OH,OH,2004,18878773,19375400,572944,1840032
2004_OK,OK,2004,4622080,4400069,175199,629476
2004_OR,OR,2004,5086083,5393871,175263,552505
2004_PA,PA,2004,21104028,22054811,590332,1828089
2004_RI,RI,2004,1836758,1745707,49458,156498
2004_SC,SC,2004,5961494,6138231,199472,703736
2004_SD,SD,2004,1007135,1012096,38907,122798
2004_TN,TN,2004,6349101,6738601,270211,941091
2004_TX,TX,2004,36055119,38150452,1220980,4405215
2004_UT,UT,2004,2997200,3066684,148162,503607
2004_VT,VT,2004,1525776,1550157,32195,98352
2004_VA,VA,2004,11151172,11404055,365052,1204739
2004_WA,WA,2004,8790531,9009980,324600,1020005
2004_WV,WV,2004,2585084,2603996,82574,280129
2004_WI,WI,2004,9183588,9126345,286807,864757
2004_WY,WY,2004,974888,953916,27448,84733
2005_AL,AL,2005,5889966,5904664,212414,741761
2005_AK,AK,2005,1599739,1751718,42063,133288
2005_AZ,AZ,2005,7550109,7136794,354901,1094454
2005_AR,AR,2005,3978240,3999608,138237,474206
2005_CA,CA,2005,62171797,66196072,1953077,6437202
2005_CO,CO,2005,6910296,7284280,229951,779826
2005_CT,CT,2005,7898694,7452057,175354,575059
2005_DE,DE,2005,1431710,1480157,36298,120937
2005_DC,DC,2005,1109605,1085658,18769,76876
2005_FL,FL,2005,23216404,23857012,801629,2675024
2005_GA,GA,2005,14724731,14492666,453015,1598461
2005_HI,HI,2005,2274166,1765805,55258,182818
2005_ID,ID,2005,1796035,1819519,79153,261982
2005_IL,IL,2005,21611180,22035569,631198,2111706
2005_IN,IN,2005,11653165,11071431,310607,1035074
2005_IA,IA,2005,4638125,4599549,157322,483482
2005_KS,KS,2005,4223632,4076597,142349,467525
2005_KY,KY,2005,5444309,5750671,190975,679878
2005_LA,LA,2005,5975074,5941561,172444,654526
2005_ME,ME,2005,2324789,2325138,62007,195498
2005_MD,MD,2005,9906219,9782665,271449,860020
2005_MA,MA,2005,12976279,12726283,296511,971909
2005_MI,MI,2005,19106382,20489512,538642,1742282
2005_MN,MN,2005,8777363,9082593,281486,839243
2005_MS,MS,2005,3639643,3610904,132192,494954
2005_MO,MO,2005,8340865,8170965,282563,917705
2005_MT,MT,2005,1293070,1268328,47562,145416
2005_NE,NE,2005,2895640,2708776,91591,286646
2005_NV,NV,2005,3381646,3483540,116375,412395
2005_NH,NH,2005,2332695,2333264,67112,205767
2005_NJ,NJ,2005,23026334,23023365,407314,1395602
2005_NM,NM,2005,2982991,3011696,97206,326758
2005_NY,NY,2005,43936450,45086872,851404,2815581
2005_NC,NC,2005,11098165,10917913,413318,1416436
2005_ND,ND,2005,969520,985502,32645,98283
2005_OH,OH,2005,19746239,19785561,578352,1839683
2005_OK,OK,2005,4892548,4785987,176683,634739
2005_OR,OR,2005,5022050,5597579,172185,552194
2005_PA,PA,2005,22657782,23183924,600857,1830684
2005_RI,RI,2005,1903472,1790591,49552,153422
2005_SC,SC,2005,6337711,6572191,203514,701544
2005_SD,SD,2005,1053504,1059303,38482,122012
2005_TN,TN,2005,6806262,7067521,277352,953928
2005_TX,TX,2005,37783715,40302144,1257055,4525394
2005_UT,UT,2005,3181279,3188018,150786,508430
2005_VT,VT,2005,1628681,1634534,31856,96638
2005_VA,VA,2005,12182657,12385157,372317,1213616
2005_WA,WA,2005,9141383,9399603,332503,1031985
2005_WV,WV,2005,2701056,2698703,83677,280866
2005_WI,WI,2005,9584108,9433502,291176,875174
2005_WY,WY,2005,1132160,1033603,27214,84409
2006_AL,AL,2006,6364028,6591429,214968,743632
2006_AK,AK,2006,1625138,1817656,42441,132608
2006_AZ,AZ,2006,8084068,7934177,308576,1068249
2006_AR,AR,2006,4247664,4343877,139689,476409
2006_CA,CA,2006,66302860,68722432,1993972,6406750
2006_CO,CO,2006,7295561,7803324,234985,794026
2006_CT,CT,2006,8436197,7982143,177037,575100
2006_DE,DE,2006,1544615,1646885,37258,122254
2006_DC,DC,2006,1092863,1081887,18313,72850
2006_FL,FL,2006,25423686,26609155,804951,2671513
2006_GA,GA,2006,16165924,15839227,462649,1629157
2006_HI,HI,2006,2705532,1939968,54636,180728
2006_ID,ID,2006,1875346,1903720,80375,267380
2006_IL,IL,2006,22724326,22622323,640597,2118276
2006_IN,IN,2006,11578988,11260755,315832,1045940
2006_IA,IA,2006,4898509,4930613,156904,483122
2006_KS,KS,2006,4648920,4439000,142086,469506
2006_KY,KY,2006,6002056,6112978,194672,683152
2006_LA,LA,2006,6780668,6032182,183735,675851
2006_ME,ME,2006,2381908,2381439,61648,193986
2006_MD,MD,2006,10697117,10585292,272575,851640
2006_MA,MA,2006,14160242,13503621,298033,968661
2006_MI,MI,2006,19714584,20626758,539517,1722656
2006_MN,MN,2006,9314477,9671933,282120,840565
2006_MS,MS,2006,4279581,4066036,134475,495026
2006_MO,MO,2006,8846493,8654672,286078,920353
2006_MT,MT,2006,1375638,1377599,47340,144418
2006_NE,NE,2006,3107061,2867250,91811,287580
2006_NV,NV,2006,3691628,4022979,121779,424766
2006_NH,NH,2006,2459051,2494247,67384,203572
2006_NJ,NJ,2006,23915685,24177714,408143,1388850
2006_NM,NM,2006,3094036,3099738,98129,328220
2006_NY,NY,2006,47018793,48359774,857753,2809649
2006_NC,NC,2006,11709885,11725031,417414,1444481
2006_ND,ND,2006,1008339,1017084,32275,96670
2006_OH,OH,2006,20957714,20589584,583529,1836722
2006_OK,OK,2006,5120286,5094695,178292,639391
2006_OR,OR,2006,5429145,5386128,181683,562574
2006_PA,PA,2006,23950553,24195122,648688,1871060
2006_RI,RI,2006,2004709,1983578,49616,151612
2006_SC,SC,2006,6752813,7148083,206748,708021
2006_SD,SD,2006,1086433,1052315,38021,121158
2006_TN,TN,2006,7195519,7395357,286397,978368
2006_TX,TX,2006,41142403,43394244,1279727,4599509
2006_UT,UT,2006,3381146,3371338,152114,523386
2006_VT,VT,2006,1725093,1711762,31659,95399
2006_VA,VA,2006,13153845,13481336,378755,1220440
2006_WA,WA,2006,9679682,9915617,331916,1026774
2006_WV,WV,2006,2814536,2852607,84366,281939
2006_WI,WI,2006,9855692,9779642,292100,876700
2006_WY,WY,2006,1150345,1146527,27198,85193
2007_AL,AL,2007,7069040,7196459,216941,742919
2007_AK,AK,2007,1800616,1938755,42049,131029
2007_AZ,AZ,2007,8724434,8709531,316376,1087447
2007_AR,AR,2007,4415981,4779308,138921,479016
2007_CA,CA,2007,72516936,73225422,2011865,6343471
2007_CO,CO,2007,7689014,8039146,236141,801867
2007_CT,CT,2007,8913149,8685421,176592,570626
2007_DE,DE,2007,1694929,1705204,37555,122574
2007_DC,DC,2007,1148358,1140506,20242,78422
2007_FL,FL,2007,28898362,29849892,810952,2666811
2007_GA,GA,2007,17755989,17389530,471012,1649589
2007_HI,HI,2007,2985593,2199604,54246,179897
2007_ID,ID,2007,2011951,1960472,80948,272119
2007_IL,IL,2007,23897153,23401917,639896,2112805
2007_IN,IN,2007,10458932,11462062,317214,1046764
2007_IA,IA,2007,5194536,5198975,155611,485115
2007_KS,KS,2007,5038100,4823931,140893,468295
2007_KY,KY,2007,6226696,6351636,196772,666225
2007_LA,LA,2007,7048732,6657341,181489,681038
2007_ME,ME,2007,2538161,2501127,65503,196245
2007_MD,MD,2007,11674965,11541225,269221,845700
2007_MA,MA,2007,14407777,14315518,296032,962958
2007_MI,MI,2007,20576110,19839838,549291,1692739
2007_MN,MN,2007,9693509,10030105,279398,837578
2007_MS,MS,2007,4220926,4158733,137033,494122
2007_MO,MO,2007,8908844,9245525,285442,917188
2007_MT,MT,2007,1474306,1442434,46448,142823
2007_NE,NE,2007,3234014,3117931,91149,291244
2007_NV,NV,2007,4006081,4346371,121752,429362
2007_NH,NH,2007,2600123,2608190,66413,200772
2007_NJ,NJ,2007,25293076,25572112,411332,1382348
2007_NM,NM,2007,3272953,3279467,99322,329040
2007_NY,NY,2007,50762544,51253984,852342,2765435
2007_NC,NC,2007,13063307,12794086,417168,1489492
2007_ND,ND,2007,1045678,1042175,31567,95059
2007_OH,OH,2007,22142424,21336580,585862,1827184
2007_OK,OK,2007,5491931,5505213,178400,642065
2007_OR,OR,2007,5648586,5634955,181719,565586
2007_PA,PA,2007,25334577,25627083,595727,1801971
2007_RI,RI,2007,2100679,2082332,48470,147629
2007_SC,SC,2007,7130274,7660995,207751,712317
2007_SD,SD,2007,1136570,1096568,38182,121606
2007_TN,TN,2007,7617488,7817659,282508,964259
2007_TX,TX,2007,44355326,45920825,1300148,4674832
2007_UT,UT,2007,3656090,3618540,165986,576244
2007_VT,VT,2007,1836316,1804519,30942,94038
2007_VA,VA,2007,14176385,14700853,380413,1230857
2007_WA,WA,2007,10350748,10682397,332840,1030247
2007_WV,WV,2007,2905489,2983267,83990,282535
2007_WI,WI,2007,10154985,9988878,289421,874633
2007_WY,WY,2007,1477891,1390344,27179,86422
2008_AL,AL,2008,7726213,7847387,217590,745668
2008_AK,AK,2008,2188587,2274819,41399,130662
2008_AZ,AZ,2008,9272152,9581201,316048,1087817
2008_AR,AR,2008,4608356,4720720,137196,478965
2008_CA,CA,2008,74626928,76618865,2013687,6322528
2008_CO,CO,2008,8070129,8884786,238139,818443
2008_CT,CT,2008,9322225,9046750,174980,567198
2008_DE,DE,2008,1694998,1746925,38619,125430
2008_DC,DC,2008,1224312,1224785,17891,68681
2008_FL,FL,2008,30001821,31219589,781725,2631020
2008_GA,GA,2008,18683630,19172087,470108,1655792
2008_HI,HI,2008,2541703,2242408,53481,179478
2008_ID,ID,2008,2151476,2001328,81497,275051
2008_IL,IL,2008,25431714,25696866,640512,2119707
2008_IN,IN,2008,11340157,10865851,316126,1046147
2008_IA,IA,2008,5496908,5495756,151993,487559
2008_KS,KS,2008,5378095,5122049,139086,471060
2008_KY,KY,2008,6637062,6793215,197748,670030
2008_LA,LA,2008,7751886,7599993,180660,684873
2008_ME,ME,2008,2594335,2582293,63611,192935
2008_MD,MD,2008,13098112,12739693,267388,843861
2008_MA,MA,2008,14633578,14631545,292372,958910
2008_MI,MI,2008,20441973,20703780,535452,1659921
2008_MN,MN,2008,10118118,10462624,275864,836048
2008_MS,MS,2008,4449009,4363308,136917,491962
2008_MO,MO,2008,9335599,9900419,282460,917871
2008_MT,MT,2008,1562815,1557678,45030,141899
2008_NE,NE,2008,3383157,3325663,89678,292590
2008_NV,NV,2008,4338601,4881218,125034,433371
2008_NH,NH,2008,2715463,2715961,64939,197934
2008_NJ,NJ,2008,25916004,26168480,409500,1381420
2008_NM,NM,2008,3569311,3599724,98830,330245
2008_NY,NY,2008,53147343,54870811,839837,2740592
2008_NC,NC,2008,13610326,13731201,429719,1488645
2008_ND,ND,2008,1104803,1085970,30773,94728
2008_OH,OH,2008,22746589,21951104,577669,1817163
2008_OK,OK,2008,5780151,5667749,176679,645108
2008_OR,OR,2008,6107684,6407512,179972,575393
2008_PA,PA,2008,26357235,26597713,579521,1775029
2008_RI,RI,2008,2173888,2175172,47359,145342
2008_SC,SC,2008,7743317,8167262,210511,718113
2008_SD,SD,2008,1190917,1172715,38952,126429
2008_TN,TN,2008,8086152,8488521,287401,971950
2008_TX,TX,2008,46245975,50205827,1305637,4752148
2008_UT,UT,2008,4198001,4337917,155309,559778
2008_VT,VT,2008,1888635,1888133,30631,93625
2008_VA,VA,2008,14768120,15236306,380787,1235795
2008_WA,WA,2008,11195224,11677666,332224,1037018
2008_WV,WV,2008,2965828,3068910,83252,282729
2008_WI,WI,2008,10619354,10545964,284222,873750
2008_WY,WY,2008,1602514,1517325,26526,87161
2009_AL,AL,2009,7186390,7815467,219495,748889
2009_AK,AK,2009,2158970,2396412,40837,131661
2009_AZ,AZ,2009,8802515,9580393,317397,1077831
2009_AR,AR,2009,4753142,5017352,136213,480559
2009_CA,CA,2009,73958896,74766086,1997064,6263438
2009_CO,CO,2009,8310673,8682489,240990,832368
2009_CT,CT,2009,9681268,9323053,174004,563968
2009_DE,DE,2009,1718993,1798244,39091,126801
2009_DC,DC,2009,801008,805362,17597,69433
2009_FL,FL,2009,26494500,28867429,783621,2634522
2009_GA,GA,2009,17972839,19025136,472934,1667685
2009_HI,HI,2009,2689758,2318671,52630,180196
2009_ID,ID,2009,2182273,2078446,81571,276299
2009_IL,IL,2009,26987426,27716187,640462,2104175
2009_IN,IN,2009,12999357,11218398,316062,1046661
2009_IA,IA,2009,5732319,5732186,150509,491842
2009_KS,KS,2009,5615208,5827751,140240,474489
2009_KY,KY,2009,6706922,6831006,195515,680089
2009_LA,LA,2009,7984550,8053960,181032,690915
2009_ME,ME,2009,2623127,2624504,60579,189225
2009_MD,MD,2009,13147931,12757599,266627,848412
2009_MA,MA,2009,15298022,15174814,290502,957053
2009_MI,MI,2009,19616665,19992550,529531,1649082
2009_MN,MN,2009,10353784,11193640,272392,837053
2009_MS,MS,2009,4392101,4552756,137511,492481
2009_MO,MO,2009,9472520,10227305,279900,917982
2009_MT,MT,2009,1607935,1622485,43939,141807
2009_NE,NE,2009,3522481,3523803,88508,295368
2009_NV,NV,2009,4442101,4577881,123420,428947
2009_NH,NH,2009,2816162,2757401,64372,197140
2009_NJ,NJ,2009,26510413,26145334,412848,1396029
2009_NM,NM,2009,3703477,3945515,99076,334419
2009_NY,NY,2009,55885116,57851481,858087,2766052
2009_NC,NC,2009,15410564,14868070,429596,1483397
2009_ND,ND,2009,1150142,1137260,30497,95073
2009_OH,OH,2009,22779344,22427481,538951,1764297
2009_OK,OK,2009,6029807,5941799,177366,654802
2009_OR,OR,2009,6158756,6715011,178388,582839
2009_PA,PA,2009,26755585,27328680,584316,1785993
2009_RI,RI,2009,2179714,2171376,46934,145118
2009_SC,SC,2009,7669733,8427391,211019,723143
2009_SD,SD,2009,1258876,1273527,37968,123713
2009_TN,TN,2009,8112895,8611178,285881,972549
2009_TX,TX,2009,48087531,53575273,1329862,4850210
2009_UT,UT,2009,4238943,4419750,158243,571586
2009_VT,VT,2009,1683034,1661019,29265,91451
2009_VA,VA,2009,15251481,15510318,381320,1245340
2009_WA,WA,2009,12025012,12240632,329960,1035347
2009_WV,WV,2009,3097212,3121728,82349,282662
2009_WI,WI,2009,10991081,10880480,279000,872436
2009_WY,WY,2009,1675761,1658156,26330,88155
2010_AL,AL,2010,7281058,7647571,221940,755552
2010_AK,AK,2010,2230338,2371251,40114,132104
2010_AZ,AZ,2010,8828122,8812967,319747,1071751
2010_AR,AR,2010,5069272,5520387,136156,482114
2010_CA,CA,2010,67356719,71227111,1993538,6289578
2010_CO,CO,2010,8793676,8914338,242239,843316
2010_CT,CT,2010,9726922,9542108,173071,560546
2010_DE,DE,2010,1733458,1758988,39124,129403
2010_DC,DC,2010,1195934,1290048,17632,71284
2010_FL,FL,2010,26231141,27267009,784849,2643347
2010_GA,GA,2010,17839851,17834488,474588,1677067
2010_HI,HI,2010,2564856,2215458,51975,179601
2010_ID,ID,2010,2177999,2098737,81715,275859
2010_IL,IL,2010,28253620,28560306,636861,2091654
2010_IN,IN,2010,14023240,11502534,317818,1047232
2010_IA,IA,2010,5744872,5941449,147663,495775
2010_KS,KS,2010,5454128,5979429,139505,483701
2010_KY,KY,2010,6881951,7092071,192661,673128
2010_LA,LA,2010,8091029,8125021,184292,696558
2010_ME,ME,2010,2721365,2680693,60148,189077
2010_MD,MD,2010,13327770,13205691,264055,852211
2010_MA,MA,2010,14919763,14857823,289161,955563
2010_MI,MI,2010,19393461,19967017,508868,1587067
2010_MN,MN,2010,10383935,10564774,268074,838037
2010_MS,MS,2010,4466377,4504257,136277,490526
2010_MO,MO,2010,9587703,10139784,275719,918710
2010_MT,MT,2010,1623971,1642886,43202,141693
2010_NE,NE,2010,3720560,3640199,88208,298500
2010_NV,NV,2010,4262471,4260869,129831,437149
2010_NH,NH,2010,2906573,2856965,63135,194711
2010_NJ,NJ,2010,26676217,26736651,405143,1402548
2010_NM,NM,2010,3638606,3814058,98777,338122
2010_NY,NY,2010,55453300,60067253,851829,2734955
2010_NC,NC,2010,16621268,14162497,432196,1490605
2010_ND,ND,2010,1308214,1267426,30288,96323
2010_OH,OH,2010,23247907,22701333,531383,1754191
2010_OK,OK,2010,5778507,5971651,175949,659911
2010_OR,OR,2010,6219779,6398065,178119,570720
2010_PA,PA,2010,27883991,28231191,582442,1793284
2010_RI,RI,2010,2207123,2187163,46059,143793
2010_SC,SC,2010,7755419,8242553,210257,725838
2010_SD,SD,2010,1292742,1281632,38192,126128
2010_TN,TN,2010,8405025,8760367,285715,987422
2010_TX,TX,2010,50559500,53810244,1349106,4935715
2010_UT,UT,2010,4250259,4326951,160573,585552
2010_VT,VT,2010,1749898,1719870,28869,96858
2010_VA,VA,2010,14937195,14919831,379994,1251440
2010_WA,WA,2010,11919090,11820814,329616,1043788
2010_WV,WV,2010,3176874,3484593,81407,282879
2010_WI,WI,2010,11289720,11116821,273807,872286
2010_WY,WY,2010,1718605,1696177,26223,89009
2011_AL,AL,2011,7376725,7411768,217615,744621
2011_AK,AK,2011,2357828,2443898,39110,131167
2011_AZ,AZ,2011,8429186,8610417,320807,1080319
2011_AR,AR,2011,5176362,5669431,136959,483114
2011_CA,CA,2011,70953331,69847705,1977069,6287834
2011_CO,CO,2011,8747471,8676451,243411,854265
2011_CT,CT,2011,9783168,9439182,171060,554437
2011_DE,DE,2011,1759170,1808905,38322,128946
2011_DC,DC,2011,1283071,1297175,17261,73911
2011_FL,FL,2011,26453693,26991946,792054,2668156
2011_GA,GA,2011,18030043,17187481,473766,1685016
2011_HI,HI,2011,2499513,2259104,51598,182706
2011_ID,ID,2011,2089982,1960818,81809,279873
2011_IL,IL,2011,29507584,28525858,629941,2083097
2011_IN,IN,2011,12125155,11113533,316160,1040765
2011_IA,IA,2011,6098470,6057294,145718,495870
2011_KS,KS,2011,5538869,5662146,137455,486108
2011_KY,KY,2011,7104589,7253850,193392,681987
2011_LA,LA,2011,8022917,8218870,184588,703390
2011_ME,ME,2011,2654366,2728535,58923,188969
2011_MD,MD,2011,13443940,13247697,259870,854086
2011_MA,MA,2011,15396681,15150898,287055,953369
2011_MI,MI,2011,19374026,18469948,500042,1573537
2011_MN,MN,2011,10912368,10612480,264194,839738
2011_MS,MS,2011,4516742,4345783,134158,490619
2011_MO,MO,2011,9915356,9842505,271208,916584
2011_MT,MT,2011,1631810,1655584,42624,142349
2011_NE,NE,2011,3879388,3676326,87792,301296
2011_NV,NV,2011,4146577,4258855,130252,439634
2011_NH,NH,2011,2947007,3001244,62268,191900
2011_NJ,NJ,2011,26242376,25716298,394133,1356431
2011_NM,NM,2011,3591330,3694437,97744,337225
2011_NY,NY,2011,57753776,59446908,831712,2704718
2011_NC,NC,2011,14409515,13767024,433801,1507864
2011_ND,ND,2011,1309044,1312226,29758,97646
2011_OH,OH,2011,23488657,23010396,522804,1740030
2011_OK,OK,2011,5835133,5644988,175383,666120
2011_OR,OR,2011,6112484,6317635,176898,568208
2011_PA,PA,2011,28492510,28810721,565203,1771395
2011_RI,RI,2011,2212352,2198940,45195,142854
2011_SC,SC,2011,7772777,7961448,207797,727186
2011_SD,SD,2011,1297661,1350617,37487,128016
2011_TN,TN,2011,8679893,8961443,286944,999693
2011_TX,TX,2011,51023159,52691826,1363618,5000470
2011_UT,UT,2011,4141253,4195916,164296,598832
2011_VT,VT,2011,1686499,1722515,27762,89908
2011_VA,VA,2011,14655345,14675815,376658,1257883
2011_WA,WA,2011,11905941,11928408,327269,1045453
2011_WV,WV,2011,3475642,3670119,80805,282870
2011_WI,WI,2011,11664303,11440718,268295,871105
2011_WY,WY,2011,1650621,1656850,26042,90099
2012_AL,AL,2012,7136949,7222161,217203,744637
2012_AK,AK,2012,2383402,2483320,38420,131489
2012_AZ,AZ,2012,7934798,8054662,321634,1089384
2012_AR,AR,2012,5169926,5299969,138428,486157
2012_CA,CA,2012,69016392,70191877,1965168,6299451
2012_CO,CO,2012,8616009,8472536,246051,863561
2012_CT,CT,2012,10070907,9791336,170245,550954
2012_DE,DE,2012,1855867,1915966,38022,129026
2012_DC,DC,2012,1331006,1189542,17577,76140
2012_FL,FL,2012,24139266,25352047,799602,2692162
2012_GA,GA,2012,17559894,17400209,481043,1703332
2012_HI,HI,2012,2535038,2344733,51069,184760
2012_ID,ID,2012,1981482,1911706,82631,284834
2012_IL,IL,2012,29900021,29067543,624679,2072880
2012_IN,IN,2012,12395432,11351906,316329,1041369
2012_IA,IA,2012,6262807,6256926,144784,499825
2012_KS,KS,2012,5613619,5615714,137855,489043
2012_KY,KY,2012,7192430,7444529,193961,685167
2012_LA,LA,2012,8477993,8504567,186111,710903
2012_ME,ME,2012,2611056,2625759,57815,185739
2012_MD,MD,2012,13752912,13212140,256836,859638
2012_MA,MA,2012,15763456,15696061,287506,954773
2012_MI,MI,2012,18622316,18063824,492272,1555370
2012_MN,MN,2012,10681609,10696348,262041,845404
2012_MS,MS,2012,4477828,4423270,133809,493650
2012_MO,MO,2012,10022622,9910617,270370,917900
2012_MT,MT,2012,1628318,1652537,42089,142908
2012_NE,NE,2012,3764056,3880517,88073,303505
2012_NV,NV,2012,4053945,4109706,131953,445707
2012_NH,NH,2012,2963221,2961684,60805,188974
2012_NJ,NJ,2012,27574528,26432652,400875,1372203
2012_NM,NM,2012,3478709,3616691,97242,338220
2012_NY,NY,2012,58981073,60216421,825972,2710703
2012_NC,NC,2012,12788659,13418244,438375,1518465
2012_ND,ND,2012,1345371,1380563,30116,101111
2012_OH,OH,2012,22799205,22662376,518617,1729916
2012_OK,OK,2012,5824963,5594867,176812,673483
2012_OR,OR,2012,6124872,6314092,178239,587564
2012_PA,PA,2012,27881568,27851918,557464,1763677
2012_RI,RI,2012,2208278,2190431,44672,142481
2012_SC,SC,2012,7889771,7948441,208648,735998
2012_SD,SD,2012,1298723,1296971,37267,130471
2012_TN,TN,2012,8983224,9256522,281971,993496
2012_TX,TX,2012,49979753,50215314,1387513,5077659
2012_UT,UT,2012,4217360,4330417,169077,613279
2012_VT,VT,2012,1754161,1726321,27557,89624
2012_VA,VA,2012,14940479,15129464,375975,1265419
2012_WA,WA,2012,11955582,12187889,327134,1051694
2012_WV,WV,2012,3970941,3536971,80673,283044
2012_WI,WI,2012,11139967,10724377,265682,872436
2012_WY,WY,2012,1664983,1670728,26243,91533
2013_AL,AL,2013,7197439,7487741,218705,746204
2013_AK,AK,2013,2545117,2665933,38230,130944
2013_AZ,AZ,2013,8164324,7600581,327144,1102445
2013_AR,AR,2013,5067546,5226339,140185,489979
2013_CA,CA,2013,68868516,69727119,1952314,6312623
2013_CO,CO,2013,8826868,8699125,249380,876999
2013_CT,CT,2013,10319361,9758850,169038,546200
2013_DE,DE,2013,1930466,1924626,38483,131687
2013_DC,DC,2013,1300036,1308438,17717,78153
2013_FL,FL,2013,24681548,25245400,807034,2720744
2013_GA,GA,2013,17459504,17317504,490032,1723909
2013_HI,HI,2013,2331770,2345917,50806,186825
2013_ID,ID,2013,2015534,1967676,87143,296476
2013_IL,IL,2013,30057886,29517831,621531,2066990
2013_IN,IN,2013,12236713,11211155,316350,1047385
2013_IA,IA,2013,6281345,6318241,145011,502964
2013_KS,KS,2013,5667223,5621023,138847,496440
2013_KY,KY,2013,7216175,7413896,192256,677389
2013_LA,LA,2013,8121179,7940880,188181,711491
2013_ME,ME,2013,2650346,2535405,56924,183995
2013_MD,MD,2013,13814727,13284637,253589,866169
2013_MA,MA,2013,16114783,16201905,287478,955739
2013_MI,MI,2013,18270327,17468264,487518,1548841
2013_MN,MN,2013,10848720,10942019,261409,850973
2013_MS,MS,2013,4444064,4370050,132568,492586
2013_MO,MO,2013,10103589,10001763,269227,918288
2013_MT,MT,2013,1671053,1679521,42138,144129
2013_NE,NE,2013,3870164,3913038,88555,307677
2013_NV,NV,2013,4131800,4057443,132564,451831
2013_NH,NH,2013,2976317,2878534,59377,186310
2013_NJ,NJ,2013,28070096,28179900,399391,1370295
2013_NM,NM,2013,3518621,3536546,97716,339244
2013_NY,NY,2013,59623918,60505950,820326,2732770
2013_NC,NC,2013,12729402,13650536,441263,1530857
2013_ND,ND,2013,1405349,1516575,30420,103947
2013_OH,OH,2013,22536516,22015797,515611,1724111
2013_OK,OK,2013,5878111,5796945,179811,681848
2013_OR,OR,2013,6077498,6228197,178595,593000
2013_PA,PA,2013,28484645,28495118,554067,1755236
2013_RI,RI,2013,2282659,2231413,43270,142008
2013_SC,SC,2013,8254462,8224795,211835,745657
2013_SD,SD,2013,1316613,1332496,36639,130890
2013_TN,TN,2013,9008032,9248235,283888,993556
2013_TX,TX,2013,49734537,50674724,1411436,5153702
2013_UT,UT,2013,4300793,4584624,174129,625461
2013_VT,VT,2013,1817307,1809138,27233,88690
2013_VA,VA,2013,15322318,15634918,377252,1273825
2013_WA,WA,2013,12242231,12097549,328068,1058936
2013_WV,WV,2013,3486366,3488877,79957,280958
2013_WI,WI,2013,11097447,10845059,264739,874414
2013_WY,WY,2013,1695967,1675477,26449,92732
2014_AL,AL,2014,7357267,7587737,221068,744164
2014_AK,AK,2014,2663647,2727056,38431,131176
2014_AZ,AZ,2014,8361708,8109460,331552,1111695
2014_AR,AR,2014,5193218,5242672,141653,490917
2014_CA,CA,2014,72389126,72506810,1949755,6312161
2014_CO,CO,2014,9162406,9286626,254643,889006
2014_CT,CT,2014,10743919,10201500,167790,542678
2014_DE,DE,2014,1954374,1988535,39346,134042
2014_DC,DC,2014,1342220,1313289,17634,80958
2014_FL,FL,2014,26077462,26523658,823249,2756944
2014_GA,GA,2014,17821620,17668352,501605,1744437
2014_HI,HI,2014,2696766,2504144,50925,182384
2014_ID,ID,2014,2084970,2012852,85232,290885
2014_IL,IL,2014,31085621,31080869,621275,2050239
2014_IN,IN,2014,12399402,11136045,316465,1046269
2014_IA,IA,2014,6455928,6541553,145862,505311
2014_KS,KS,2014,5813985,5957954,140324,497275
2014_KY,KY,2014,7229857,7346219,196733,688640
2014_LA,LA,2014,8352703,8140649,194791,716800
2014_ME,ME,2014,2675648,2550302,56361,182470
2014_MD,MD,2014,13982544,13712839,254072,874514
2014_MA,MA,2014,16609204,16518383,288934,955844
2014_MI,MI,2014,18457253,17358365,484956,1537922
2014_MN,MN,2014,11168633,11300786,263074,857235
2014_MS,MS,2014,4480105,4463078,134857,490917
2014_MO,MO,2014,10256615,10324249,268921,917785
2014_MT,MT,2014,1729712,1754324,41816,144532
2014_NE,NE,2014,4005091,4008633,89964,312635
2014_NV,NV,2014,4203255,4043820,134640,459189
2014_NH,NH,2014,3042994,2960615,58807,184670
2014_NJ,NJ,2014,28454548,27742203,401874,1400579
2014_NM,NM,2014,3601387,3576216,99260,340365
2014_NY,NY,2014,61337112,62556193,827493,2741185
2014_NC,NC,2014,13462754,13540706,454963,1548895
2014_ND,ND,2014,1568997,1597210,30421,106586
2014_OH,OH,2014,23297509,21847582,519938,1724810
2014_OK,OK,2014,6034336,6026661,184170,688511
2014_OR,OR,2014,6621363,6453635,179757,601318
2014_PA,PA,2014,29068069,28620630,549398,1743160
2014_RI,RI,2014,2313010,2258076,42892,141959
2014_SC,SC,2014,8417698,8452743,216723,756523
2014_SD,SD,2014,1345549,1355439,37301,133040
2014_TN,TN,2014,9237782,9432883,288408,995475
2014_TX,TX,2014,52776853,53096761,1450441,5233765
2014_UT,UT,2014,4405929,4385896,178910,635577
2014_VT,VT,2014,1895044,1876197,26338,87311
2014_VA,VA,2014,15347862,15690444,382598,1280381
2014_WA,WA,2014,13040197,12806300,333318,1073638
2014_WV,WV,2014,3514889,3499873,80543,280310
2014_WI,WI,2014,11330253,11255186,264550,871432
2014_WY,WY,2014,1772633,1775999,26732,94067
2015_AL,AL,2015,7360222,7501799,222182,743789
2015_AK,AK,2015,2920986,2968341,38688,132477
2015_AZ,AZ,2015,8230507,7902600,333579,1109040
2015_AR,AR,2015,5308625,5350543,142242,492132
2015_CA,CA,2015,78248042,78365958,1941009,6226737
2015_CO,CO,2015,9648297,9557682,260909,899112
2015_CT,CT,2015,11099837,10542667,167056,537933
2015_DE,DE,2015,2017075,1975093,39845,134847
2015_DC,DC,2015,1382282,1360942,18884,84024
2015_FL,FL,2015,26971491,27277049,839773,2792234
2015_GA,GA,2015,18584666,18501103,513865,1757237
2015_HI,HI,2015,2703683,2521004,50219,181995
2015_ID,ID,2015,2167967,2029520,86334,292277
2015_IL,IL,2015,32096832,32410033,619292,2041779
2015_IN,IN,2015,12456571,11378564,321313,1046757
2015_IA,IA,2015,6714410,6772654,146808,508014
2015_KS,KS,2015,5991731,6175724,141615,495884
2015_KY,KY,2015,7548871,7554887,198820,686598
2015_LA,LA,2015,8448743,8437263,198577,718711
2015_ME,ME,2015,2739589,2596180,56273,181613
2015_MD,MD,2015,14491642,13882823,253096,879601
2015_MA,MA,2015,16985185,16972319,294897,964026
2015_MI,MI,2015,19025996,17742903,482540,1536231
2015_MN,MN,2015,11684249,11969872,265709,864384
2015_MS,MS,2015,4592343,4624539,135375,487200
2015_MO,MO,2015,10623391,10540353,269349,919234
2015_MT,MT,2015,1804339,1804841,41822,145319
2015_NE,NE,2015,4248695,4283846,91650,316014
2015_NV,NV,2015,4345419,4183085,136906,467527
2015_NH,NH,2015,3093061,3044720,58107,182425
2015_NJ,NJ,2015,29335237,28809725,402208,1408845
2015_NM,NM,2015,3789651,3846641,96798,335694
2015_NY,NY,2015,63712218,65094591,820402,2711626
2015_NC,NC,2015,13146934,14060699,462874,1544934
2015_ND,ND,2015,1644533,1804762,30675,108644
2015_OH,OH,2015,24378660,22561728,521595,1716585
2015_OK,OK,2015,6121188,6184819,187118,692878
2015_OR,OR,2015,7111710,7011609,181598,576407
2015_PA,PA,2015,29967185,29690645,540546,1717414
2015_RI,RI,2015,2367068,2326473,42871,142014
2015_SC,SC,2015,8759944,8783362,220780,763533
2015_SD,SD,2015,1415149,1464781,37242,134253
2015_TN,TN,2015,9455920,9562527,291841,1001235
2015_TX,TX,2015,55582029,56255791,1492452,5301477
2015_UT,UT,2015,4705084,4537962,184303,647870
2015_VT,VT,2015,1996795,1969415,26002,87866
2015_VA,VA,2015,15857524,16113212,386781,1283590
2015_WA,WA,2015,13709442,13630138,336808,1087030
2015_WV,WV,2015,3478401,3466981,80142,277452
2015_WI,WI,2015,11637376,11553677,263896,867800
2015_WY,WY,2015,1962874,1942406,26914,94717
2016_AL,AL,2016,7498567,7708845,222638,744930
2016_AK,AK,2016,2494691,2623014,38573,132737
2016_AZ,AZ,2016,8503034,7987011,339195,1123137
2016_AR,AR,2016,5401016,5434193,143085,493447
2016_CA,CA,2016,89217262,85320133,1939323,6309138
2016_CO,CO,2016,10123271,9878524,265500,905019
2016_CT,CT,2016,11419673,10826431,166275,535118
2016_DE,DE,2016,2043577,2041952,40504,136264
2016_DC,DC,2016,1329719,1322563,19052,85850
2016_FL,FL,2016,28125598,27945116,847781,2816791
2016_GA,GA,2016,19403453,19158388,518772,1764346
2016_HI,HI,2016,3030519,2733094,50216,181550
2016_ID,ID,2016,2266490,2100980,88576,297200
2016_IL,IL,2016,32908958,33037244,618016,2026718
2016_IN,IN,2016,12732161,11535287,323736,1049547
2016_IA,IA,2016,6919477,6972412,147165,509831
2016_KS,KS,2016,6069563,6134836,141881,494347
2016_KY,KY,2016,7745928,7786281,198579,684017
2016_LA,LA,2016,8397136,8248660,200087,716293
2016_ME,ME,2016,2845391,2706103,55574,180512
2016_MD,MD,2016,14409321,13992191,255781,886221
2016_MA,MA,2016,17484704,17037880,295336,964514
2016_MI,MI,2016,19416061,18001445,479976,1528666
2016_MN,MN,2016,12186135,12848946,267937,875021
2016_MS,MS,2016,4755399,4631356,134814,483150
2016_MO,MO,2016,10893231,10719882,267733,915040
2016_MT,MT,2016,1800909,1879789,42038,146375
2016_NE,NE,2016,4398811,4640422,93143,319194
2016_NV,NV,2016,4482886,4374249,139723,473744
2016_NH,NH,2016,3150473,3124778,57280,180888
2016_NJ,NJ,2016,30012666,29665476,402880,1410421
2016_NM,NM,2016,3765069,3729397,99856,336263
2016_NY,NY,2016,66912661,68282026,818799,2729776
2016_NC,NC,2016,13448045,14207389,468113,1550062
2016_ND,ND,2016,1788749,1963630,30457,109706
2016_OH,OH,2016,23766529,23352516,519785,1710143
2016_OK,OK,2016,6103728,6184152,189045,693903
2016_OR,OR,2016,7418055,7501954,180509,578947
2016_PA,PA,2016,31077289,30925177,543826,1727497
2016_RI,RI,2016,2401541,2358654,43279,142150
2016_SC,SC,2016,9161667,9187299,223322,771250
2016_SD,SD,2016,1455737,1475864,37590,136302
2016_TN,TN,2016,9585331,9680512,293535,1001562
2016_TX,TX,2016,58284155,59314884,1525178,5360849
2016_UT,UT,2016,4952923,4923657,188588,659801
2016_VT,VT,2016,2112365,2082696,25573,88428
2016_VA,VA,2016,16259274,16497520,389330,1287026
2016_WA,WA,2016,14964364,15253296,339349,1101711
2016_WV,WV,2016,3391579,3366566,79442,273855
2016_WI,WI,2016,11697466,11787535,262681,864432
2016_WY,WY,2016,2044669,2034229,26924,94170
1986_AL,AL,1986,0,0,0,733735
1987_AL,AL,1987,0,0,0,729234
1988_AL,AL,1988,0,0,0,724751
1989_AL,AL,1989,0,0,0,723743
1990_AL,AL,1990,0,0,0,721806
1991_AL,AL,1991,0,0,0,722004
2017_AL,AL,2017,0,0,219387,742444
1986_AK,AK,1986,0,0,0,107848
1987_AK,AK,1987,0,0,0,106869
1988_AK,AK,1988,0,0,0,106481
1989_AK,AK,1989,0,0,0,109280
1990_AK,AK,1990,0,0,0,113903
1991_AK,AK,1991,0,0,0,118680
2017_AK,AK,2017,0,0,38254,132872
1986_AZ,AZ,1986,0,0,0,534538
1987_AZ,AZ,1987,0,0,0,572421
1988_AZ,AZ,1988,0,0,0,574890
1989_AZ,AZ,1989,0,0,0,607615
1990_AZ,AZ,1990,0,0,0,639853
1991_AZ,AZ,1991,0,0,0,656980
2017_AZ,AZ,2017,0,0,333079,1110851
1986_AR,AR,1986,0,0,0,437438
1987_AR,AR,1987,0,0,0,437036
1988_AR,AR,1988,0,0,0,436387
1989_AR,AR,1989,0,0,0,434960
1990_AR,AR,1990,0,0,0,436286
1991_AR,AR,1991,0,0,0,438518
2017_AR,AR,2017,0,0,143487,496085
1986_CA,CA,1986,0,0,0,4377989
1987_CA,CA,1987,0,0,0,4488398
1988_CA,CA,1988,0,0,0,4618120
1989_CA,CA,1989,0,0,0,4771978
1990_CA,CA,1990,0,0,0,4950474
1991_CA,CA,1991,0,0,0,5107145
2017_CA,CA,2017,0,0,1943939,6304266
1986_CO,CO,1986,0,0,0,558415
1987_CO,CO,1987,0,0,0,560236
1988_CO,CO,1988,0,0,0,560081
1989_CO,CO,1989,0,0,0,562755
1990_CO,CO,1990,0,0,0,574213
1991_CO,CO,1991,0,0,0,593030
2017_CO,CO,2017,0,0,270405,910280
1986_CT,CT,1986,0,0,0,468847
1987_CT,CT,1987,0,0,0,465465
1988_CT,CT,1988,0,0,0,460637
1989_CT,CT,1989,0,0,0,461560
1990_CT,CT,1990,0,0,0,469123
1991_CT,CT,1991,0,0,0,481050
2017_CT,CT,2017,0,0,165742,531288
1986_DE,DE,1986,0,0,0,94410
1987_DE,DE,1987,0,0,0,95659
1988_DE,DE,1988,0,0,0,96678
1989_DE,DE,1989,0,0,0,97808
1990_DE,DE,1990,0,0,0,99658
1991_DE,DE,1991,0,0,0,102196
2017_DE,DE,2017,0,0,40903,136293
1986_DC,DC,1986,0,0,0,85612
1987_DC,DC,1987,0,0,0,86435
1988_DC,DC,1988,0,0,0,84792
1989_DC,DC,1989,0,0,0,81301
1990_DC,DC,1990,0,0,0,80694
1991_DC,DC,1991,0,0,0,80618
2017_DC,DC,2017,0,0,19173,87315
1986_FL,FL,1986,0,0,0,1607320
1987_FL,FL,1987,0,0,0,1664774
1988_FL,FL,1988,0,0,0,1720930
1989_FL,FL,1989,0,0,0,1789925
1990_FL,FL,1990,0,0,0,1861592
1991_FL,FL,1991,0,0,0,1932131
2017_FL,FL,2017,0,0,851483,2832424
1986_GA,GA,1986,0,0,0,1096425
1987_GA,GA,1987,0,0,0,1110947
1988_GA,GA,1988,0,0,0,1107994
1989_GA,GA,1989,0,0,0,1126535
1990_GA,GA,1990,0,0,0,1151687
1991_GA,GA,1991,0,0,0,1177569
2017_GA,GA,2017,0,0,522034,1768642
1986_HI,HI,1986,0,0,0,164640
1987_HI,HI,1987,0,0,0,166160
1988_HI,HI,1988,0,0,0,167488
1989_HI,HI,1989,0,0,0,169493
1990_HI,HI,1990,0,0,0,171708
1991_HI,HI,1991,0,0,0,174747
2017_HI,HI,2017,0,0,50385,180837
1986_ID,ID,1986,0,0,0,208391
1987_ID,ID,1987,0,0,0,212444
1988_ID,ID,1988,0,0,0,214615
1989_ID,ID,1989,0,0,0,214932
1990_ID,ID,1990,0,0,0,220840
1991_ID,ID,1991,0,0,0,225680
2017_ID,ID,2017,0,0,90256,301186
1986_IL,IL,1986,0,0,0,1825185
1987_IL,IL,1987,0,0,0,1811446
1988_IL,IL,1988,0,0,0,1794916
1989_IL,IL,1989,0,0,0,1797355
1990_IL,IL,1990,0,0,0,1821407
1991_IL,IL,1991,0,0,0,1848166
2017_IL,IL,2017,0,0,616176,2005153
1986_IN,IN,1986,0,0,0,966780
1987_IN,IN,1987,0,0,0,964129
1988_IN,IN,1988,0,0,0,960994
1989_IN,IN,1989,0,0,0,954165
1990_IN,IN,1990,0,0,0,954525
1991_IN,IN,1991,0,0,0,956988
2017_IN,IN,2017,0,0,325521,1054187
1986_IA,IA,1986,0,0,0,481286
1987_IA,IA,1987,0,0,0,480826
1988_IA,IA,1988,0,0,0,478200
1989_IA,IA,1989,0,0,0,478486
1990_IA,IA,1990,0,0,0,483652
1991_IA,IA,1991,0,0,0,491363
2017_IA,IA,2017,0,0,148132,511850
1986_KS,KS,1986,0,0,0,416091
1987_KS,KS,1987,0,0,0,421112
1988_KS,KS,1988,0,0,0,426596
1989_KS,KS,1989,0,0,0,430864
1990_KS,KS,1990,0,0,0,437034
1991_KS,KS,1991,0,0,0,445390
2017_KS,KS,2017,0,0,142569,497088
1986_KY,KY,1986,0,0,0,642778
1987_KY,KY,1987,0,0,0,642696
1988_KY,KY,1988,0,0,0,637627
1989_KY,KY,1989,0,0,0,630688
1990_KY,KY,1990,0,0,0,636401
1991_KY,KY,1991,0,0,0,646024
2017_KY,KY,2017,0,0,198841,680978
1986_LA,LA,1986,0,0,0,795188
1987_LA,LA,1987,0,0,0,793093
1988_LA,LA,1988,0,0,0,786683
1989_LA,LA,1989,0,0,0,783025
1990_LA,LA,1990,0,0,0,784757
1991_LA,LA,1991,0,0,0,794128
2017_LA,LA,2017,0,0,200976,715135
1986_ME,ME,1986,0,0,0,211752
1987_ME,ME,1987,0,0,0,211817
1988_ME,ME,1988,0,0,0,212902
1989_ME,ME,1989,0,0,0,213775
1990_ME,ME,1990,0,0,0,215149
1991_ME,ME,1991,0,0,0,216400
2017_ME,ME,2017,0,0,55536,180473
1986_MD,MD,1986,0,0,0,675747
1987_MD,MD,1987,0,0,0,683797
1988_MD,MD,1988,0,0,0,688947
1989_MD,MD,1989,0,0,0,698806
1990_MD,MD,1990,0,0,0,715176
1991_MD,MD,1991,0,0,0,736238
2017_MD,MD,2017,0,0,259893,893684
1986_MA,MA,1986,0,0,0,833918
1987_MA,MA,1987,0,0,0,825320
1988_MA,MA,1988,0,0,0,823428
1989_MA,MA,1989,0,0,0,825588
1990_MA,MA,1990,0,0,0,834314
1991_MA,MA,1991,0,0,0,846155
2017_MA,MA,2017,0,0,296376,964791
1986_MI,MI,1986,0,0,0,1597154
1987_MI,MI,1987,0,0,0,1589287
1988_MI,MI,1988,0,0,0,1582785
1989_MI,MI,1989,0,0,0,1576785
1990_MI,MI,1990,0,0,0,1584431
1991_MI,MI,1991,0,0,0,1593561
2017_MI,MI,2017,0,0,477301,1516398
1986_MN,MN,1986,0,0,0,711134
1987_MN,MN,1987,0,0,0,721481
1988_MN,MN,1988,0,0,0,726950
1989_MN,MN,1989,0,0,0,739553
1990_MN,MN,1990,0,0,0,756374
1991_MN,MN,1991,0,0,0,773571
2017_MN,MN,2017,0,0,270468,884944
1986_MS,MS,1986,0,0,0,498639
1987_MS,MS,1987,0,0,0,505550
1988_MS,MS,1988,0,0,0,503326
1989_MS,MS,1989,0,0,0,502020
1990_MS,MS,1990,0,0,0,502417
1991_MS,MS,1991,0,0,0,504127
2017_MS,MS,2017,0,0,133244,478321
1986_MO,MO,1986,0,0,0,800606
1987_MO,MO,1987,0,0,0,802060
1988_MO,MO,1988,0,0,0,806639
1989_MO,MO,1989,0,0,0,807934
1990_MO,MO,1990,0,0,0,816558
1991_MO,MO,1991,0,0,0,842965
2017_MO,MO,2017,0,0,266775,915472
1986_MT,MT,1986,0,0,0,153327
1987_MT,MT,1987,0,0,0,152207
1988_MT,MT,1988,0,0,0,152191
1989_MT,MT,1989,0,0,0,151265
1990_MT,MT,1990,0,0,0,152974
1991_MT,MT,1991,0,0,0,155779
2017_MT,MT,2017,0,0,43399,149474
1986_NE,NE,1986,0,0,0,267139
1987_NE,NE,1987,0,0,0,268100
1988_NE,NE,1988,0,0,0,269434
1989_NE,NE,1989,0,0,0,270920
1990_NE,NE,1990,0,0,0,274081
1991_NE,NE,1991,0,0,0,279552
2017_NE,NE,2017,0,0,94935,323766
1986_NV,NV,1986,0,0,0,161239
1987_NV,NV,1987,0,0,0,168353
1988_NV,NV,1988,0,0,0,176474
1989_NV,NV,1989,0,0,0,186834
1990_NV,NV,1990,0,0,0,201316
1991_NV,NV,1991,0,0,0,211810
2017_NV,NV,2017,0,0,141950,485785
1986_NH,NH,1986,0,0,0,163717
1987_NH,NH,1987,0,0,0,166045
1988_NH,NH,1988,0,0,0,169413
1989_NH,NH,1989,0,0,0,171696
1990_NH,NH,1990,0,0,0,172785
1991_NH,NH,1991,0,0,0,177138
2017_NH,NH,2017,0,0,56773,179433
1986_NJ,NJ,1986,0,0,0,1107467
1987_NJ,NJ,1987,0,0,0,1092982
1988_NJ,NJ,1988,0,0,0,1080871
1989_NJ,NJ,1989,0,0,0,1076005
1990_NJ,NJ,1990,0,0,0,1089646
1991_NJ,NJ,1991,0,0,0,1109796
2017_NJ,NJ,2017,0,0,402894,1408102
1986_NM,NM,1986,0,0,0,281943
1987_NM,NM,1987,0,0,0,287229
1988_NM,NM,1988,0,0,0,292425
1989_NM,NM,1989,0,0,0,296057
1990_NM,NM,1990,0,0,0,301881
1991_NM,NM,1991,0,0,0,308667
2017_NM,NM,2017,0,0,98506,334345
1986_NY,NY,1986,0,0,0,2607719
1987_NY,NY,1987,0,0,0,2594070
1988_NY,NY,1988,0,0,0,2573715
1989_NY,NY,1989,0,0,0,2565841
1990_NY,NY,1990,0,0,0,2598337
1991_NY,NY,1991,0,0,0,2643993
2017_NY,NY,2017,0,0,820564,2724663
1986_NC,NC,1986,0,0,0,1085248
1987_NC,NC,1987,0,0,0,1085976
1988_NC,NC,1988,0,0,0,1083156
1989_NC,NC,1989,0,0,0,1080744
1990_NC,NC,1990,0,0,0,1086871
1991_NC,NC,1991,0,0,0,1097598
2017_NC,NC,2017,0,0,470877,1553513
1986_ND,ND,1986,0,0,0,118703
1987_ND,ND,1987,0,0,0,119004
1988_ND,ND,1988,0,0,0,118809
1989_ND,ND,1989,0,0,0,117816
1990_ND,ND,1990,0,0,0,117825
1991_ND,ND,1991,0,0,0,118376
2017_ND,ND,2017,0,0,30889,111920
1986_OH,OH,1986,0,0,0,1793508
1987_OH,OH,1987,0,0,0,1793431
1988_OH,OH,1988,0,0,0,1778544
1989_OH,OH,1989,0,0,0,1764410
1990_OH,OH,1990,0,0,0,1771089
1991_OH,OH,1991,0,0,0,1783767
2017_OH,OH,2017,0,0,517145,1704399
1986_OK,OK,1986,0,0,0,593183
1987_OK,OK,1987,0,0,0,584212
1988_OK,OK,1988,0,0,0,580426
1989_OK,OK,1989,0,0,0,578580
1990_OK,OK,1990,0,0,0,579087
1991_OK,OK,1991,0,0,0,588263
2017_OK,OK,2017,0,0,191296,695092
1986_OR,OR,1986,0,0,0,449307
1987_OR,OR,1987,0,0,0,455895
1988_OR,OR,1988,0,0,0,461752
1989_OR,OR,1989,0,0,0,472394
1990_OR,OR,1990,0,0,0,472394
1991_OR,OR,1991,0,0,0,498614
2017_OR,OR,2017,0,0,180324,608014
1986_PA,PA,1986,0,0,0,1674161
1987_PA,PA,1987,0,0,0,1668542
1988_PA,PA,1988,0,0,0,1659714
1989_PA,PA,1989,0,0,0,1655279
1990_PA,PA,1990,0,0,0,1667834
1991_PA,PA,1991,0,0,0,1692797
2017_PA,PA,2017,0,0,543865,1726809
1986_RI,RI,1986,0,0,0,134690
1987_RI,RI,1987,0,0,0,134800
1988_RI,RI,1988,0,0,0,133585
1989_RI,RI,1989,0,0,0,135729
1990_RI,RI,1990,0,0,0,138813
1991_RI,RI,1991,0,0,0,142144
2017_RI,RI,2017,0,0,44212,142949
1986_SC,SC,1986,0,0,0,611629
1987_SC,SC,1987,0,0,0,614921
1988_SC,SC,1988,0,0,0,615774
1989_SC,SC,1989,0,0,0,616177
1990_SC,SC,1990,0,0,0,622112
1991_SC,SC,1991,0,0,0,627470
2017_SC,SC,2017,0,0,224093,777507
1986_SD,SD,1986,0,0,0,125458
1987_SD,SD,1987,0,0,0,126817
1988_SD,SD,1988,0,0,0,126910
1989_SD,SD,1989,0,0,0,127329
1990_SD,SD,1990,0,0,0,129164
1991_SD,SD,1991,0,0,0,131576
2017_SD,SD,2017,0,0,37945,137823
1986_TN,TN,1986,0,0,0,818073
1987_TN,TN,1987,0,0,0,823783
1988_TN,TN,1988,0,0,0,821580
1989_TN,TN,1989,0,0,0,819660
1990_TN,TN,1990,0,0,0,824595
1991_TN,TN,1991,0,0,0,833651
2017_TN,TN,2017,0,0,291569,1001967
1986_TX,TX,1986,0,0,0,3209515
1987_TX,TX,1987,0,0,0,3236787
1988_TX,TX,1988,0,0,0,3283707
1989_TX,TX,1989,0,0,0,3328514
1990_TX,TX,1990,0,0,0,3382887
1991_TX,TX,1991,0,0,0,3464371
2017_TX,TX,2017,0,0,1548389,5401341
1986_UT,UT,1986,0,0,0,415994
1987_UT,UT,1987,0,0,0,423386
1988_UT,UT,1988,0,0,0,431119
1989_UT,UT,1989,0,0,0,438554
1990_UT,UT,1990,0,0,0,446652
1991_UT,UT,1991,0,0,0,456430
2017_UT,UT,2017,0,0,193167,668274
1986_VT,VT,1986,0,0,0,92112
1987_VT,VT,1987,0,0,0,92755
1988_VT,VT,1988,0,0,0,93381
1989_VT,VT,1989,0,0,0,94779
1990_VT,VT,1990,0,0,0,95762
1991_VT,VT,1991,0,0,0,97137
2017_VT,VT,2017,0,0,24976,88028
1986_VA,VA,1986,0,0,0,975135
1987_VA,VA,1987,0,0,0,979417
1988_VA,VA,1988,0,0,0,982393
1989_VA,VA,1989,0,0,0,985346
1990_VA,VA,1990,0,0,0,998601
1991_VA,VA,1991,0,0,0,1016204
2017_VA,VA,2017,0,0,391435,1291462
1986_WA,WA,1986,0,0,0,761428
1987_WA,WA,1987,0,0,0,775755
1988_WA,WA,1988,0,0,0,790918
1989_WA,WA,1989,0,0,0,810232
1990_WA,WA,1990,0,0,0,839709
1991_WA,WA,1991,0,0,0,869327
2017_WA,WA,2017,0,0,340375,1110367
1986_WV,WV,1986,0,0,0,351837
1987_WV,WV,1987,0,0,0,344236
1988_WV,WV,1988,0,0,0,335912
1989_WV,WV,1989,0,0,0,327540
1990_WV,WV,1990,0,0,0,322389
1991_WV,WV,1991,0,0,0,320249
2017_WV,WV,2017,0,0,78305,272266
1986_WI,WI,1986,0,0,0,767819
1987_WI,WI,1987,0,0,0,772363
1988_WI,WI,1988,0,0,0,774857
1989_WI,WI,1989,0,0,0,782905
1990_WI,WI,1990,0,0,0,797621
1991_WI,WI,1991,0,0,0,814671
2017_WI,WI,2017,0,0,261916,860753
1986_WY,WY,1986,0,0,0,100955
1987_WY,WY,1987,0,0,0,98455
1988_WY,WY,1988,0,0,0,97793
1989_WY,WY,1989,0,0,0,97172
1990_WY,WY,1990,0,0,0,98226
1991_WY,WY,1991,0,0,0,102074
2017_WY,WY,2017,0,0,27361,94258
1990_DODEA,DODEA,1990,0,0,0,0
1990_NATIONAL,NATIONAL,1990,0,0,0,0
1992_DODEA,DODEA,1992,0,0,0,0
1992_NATIONAL,NATIONAL,1992,0,0,0,0
1994_DODEA,DODEA,1994,0,0,0,0
1994_NATIONAL,NATIONAL,1994,0,0,0,0
1996_DODEA,DODEA,1996,0,0,0,0
1996_NATIONAL,NATIONAL,1996,0,0,0,0
1998_DODEA,DODEA,1998,0,0,0,0
1998_NATIONAL,NATIONAL,1998,0,0,0,0
2000_DODEA,DODEA,2000,0,0,0,0
2000_NATIONAL,NATIONAL,2000,0,0,0,0
2002_DODEA,DODEA,2002,0,0,0,0
2002_NATIONAL,NATIONAL,2002,0,0,0,0
2003_DODEA,DODEA,2003,0,0,0,0
2003_NATIONAL,NATIONAL,2003,0,0,0,0
2005_DODEA,DODEA,2005,0,0,0,0
2005_NATIONAL,NATIONAL,2005,0,0,0,0
2007_DODEA,DODEA,2007,0,0,0,0
2007_NATIONAL,NATIONAL,2007,0,0,0,0
2009_DODEA,DODEA,2009,0,0,0,0
2009_NATIONAL,NATIONAL,2009,0,0,0,0
2011_DODEA,DODEA,2011,0,0,0,0
2011_NATIONAL,NATIONAL,2011,0,0,0,0
2013_DODEA,DODEA,2013,0,0,0,0
2013_NATIONAL,NATIONAL,2013,0,0,0,0
2015_DODEA,DODEA,2015,0,0,0,0
2015_NATIONAL,NATIONAL,2015,0,0,0,0
2017_DODEA,DODEA,2017,0,0,0,0
2017_NATIONAL,NATIONAL,2017,0,0,0,0
2019_AL,AL,2019,0,0,0,0
2019_AK,AK,2019,0,0,0,0
2019_AZ,AZ,2019,0,0,0,0
2019_AR,AR,2019,0,0,0,0
2019_CA,CA,2019,0,0,0,0
2019_CO,CO,2019,0,0,0,0
2019_CT,CT,2019,0,0,0,0
2019_DE,DE,2019,0,0,0,0
2019_DC,DC,2019,0,0,0,0
2019_DODEA,DODEA,2019,0,0,0,0
2019_FL,FL,2019,0,0,0,0
2019_GA,GA,2019,0,0,0,0
2019_HI,HI,2019,0,0,0,0
2019_ID,ID,2019,0,0,0,0
2019_IL,IL,2019,0,0,0,0
2019_IN,IN,2019,0,0,0,0
2019_IA,IA,2019,0,0,0,0
2019_KS,KS,2019,0,0,0,0
2019_KY,KY,2019,0,0,0,0
2019_LA,LA,2019,0,0,0,0
2019_ME,ME,2019,0,0,0,0
2019_MD,MD,2019,0,0,0,0
2019_MA,MA,2019,0,0,0,0
2019_MI,MI,2019,0,0,0,0
2019_MN,MN,2019,0,0,0,0
2019_MS,MS,2019,0,0,0,0
2019_MO,MO,2019,0,0,0,0
2019_MT,MT,2019,0,0,0,0
2019_NATIONAL,NATIONAL,2019,0,0,0,0
2019_NE,NE,2019,0,0,0,0
2019_NV,NV,2019,0,0,0,0
2019_NH,NH,2019,0,0,0,0
2019_NJ,NJ,2019,0,0,0,0
2019_NM,NM,2019,0,0,0,0
2019_NY,NY,2019,0,0,0,0
2019_NC,NC,2019,0,0,0,0
2019_ND,ND,2019,0,0,0,0
2019_OH,OH,2019,0,0,0,0
2019_OK,OK,2019,0,0,0,0
2019_OR,OR,2019,0,0,0,0
2019_PA,PA,2019,0,0,0,0
2019_RI,RI,2019,0,0,0,0
2019_SC,SC,2019,0,0,0,0
2019_SD,SD,2019,0,0,0,0
2019_TN,TN,2019,0,0,0,0
2019_TX,TX,2019,0,0,0,0
2019_UT,UT,2019,0,0,0,0
2019_VT,VT,2019,0,0,0,0
2019_VA,VA,2019,0,0,0,0
2019_WA,WA,2019,0,0,0,0
2019_WV,WV,2019,0,0,0,0
2019_WI,WI,2019,0,0,0,0
2019_WY,WY,2019,0,0,0,0
