PRIMARY_KEY,STATE,YEAR,ENROLL,TOTAL_REVENUE,FEDERAL_REVENUE,STATE_REVENUE,LOCAL_REVENUE,TOTAL_EXPENDITURE,INSTRUCTION_EXPENDITURE,SUPPORT_SERVICES_EXPENDITURE,OTHER_EXPENDITURE,CAPITAL_OUTLAY_EXPENDITURE,GRADES_PK_G,GRADES_KG_G,GRADES_4_G,GRADES_8_G,GRADES_12_G,GRADES_1_8_G,GRADES_9_12_G,GRADES_ALL_G,AVG_MATH_4_SCORE,AVG_MATH_8_SCORE,AVG_READING_4_SCORE,AVG_READING_8_SCORE
2007_ALABAMA,ALABAMA,2007,743273,7069040,689072,4070949,2309019,7196459,3653466,2174210,546077,687816,3592,55972,57795,58792,46200,466414,216941,742919,229,266,216,252
2007_ALASKA,ALASKA,2007,132197,1800616,282270,1052357,465989,1938755,927307,645857,60699,257723,1679,9625,9420,9953,10092,77676,42049,131029,237,283,214,259
2007_ARIZONA,ARIZONA,2007,969875,8724434,953861,4204089,3566484,8709531,3977800,2656438,403069,1436673,15854,86742,82876,81196,76275,668290,316376,1087447,232,276,210,255
2007_ARKANSAS,ARKANSAS,2007,474532,4415981,483689,3319030,613262,4779308,2337748,1378576,450454,470562,12795,38192,35710,35944,30708,288518,138921,479016,238,274,217,258
2007_CALIFORNIA,CALIFORNIA,2007,6288686,72516936,7200298,42333637,22983001,73225422,34685013,20655194,3467540,10058842,68002,454743,467305,490054,468281,3801685,2011865,6343471,230,270,209,251
2007_COLORADO,COLORADO,2007,790211,7689014,529854,3307016,3852144,8039146,3782300,2483095,286754,1083411,25649,61576,59449,58396,55334,478501,236141,801867,240,286,224,266
2007_CONNECTICUT,CONNECTICUT,2007,549230,8913149,386553,3299175,5227421,8685421,4610572,2503468,311943,913165,14180,39889,42488,43670,40927,339965,176592,570626,243,282,227,267
2007_DELAWARE,DELAWARE,2007,114678,1694929,102114,1071957,520858,1705204,825084,481610,68343,245757,583,8817,9085,10176,7681,75619,37555,122574,242,283,225,265
2007_DISTRICT_OF_COLUMBIA,DISTRICT_OF_COLUMBIA,2007,56943,1148358,134700,0,1013658,1140506,491992,437772,40703,167103,7146,5306,4807,5182,4002,40295,20242,78422,214,248,197,241
2007_FLORIDA,FLORIDA,2007,2656176,28898362,2489027,11578932,14830403,29849892,13476109,8136539,1515095,5992654,46917,197467,195859,193970,169832,1611475,810952,2666811,242,277,224,260
2007_GEORGIA,GEORGIA,2007,1628409,17755989,1475463,7907177,8373349,17389530,9507096,4672304,757339,2271958,39908,129791,125404,124544,95443,1008878,471012,1649589,235,275,219,259
2007_HAWAII,HAWAII,2007,180728,2985593,256696,2681049,47848,2199604,1177781,732536,151243,138044,1531,15042,13652,13420,11234,108882,54246,179897,234,269,213,251
2007_IDAHO,IDAHO,2007,262935,2011951,202977,1338182,470792,1960472,1069134,590192,86738,163583,2880,21295,20658,20557,18598,166996,80948,272119,241,284,223,265
2007_ILLINOIS,ILLINOIS,2007,2101075,23897153,1862627,7566377,14468149,23401917,11692204,7509591,834000,2082140,77843,145755,152895,161310,144342,1249311,639896,2112805,237,280,219,263
2007_INDIANA,INDIANA,2007,1034588,10458932,765168,5224450,4469314,11462062,5511104,3351081,448190,887670,10755,75445,78204,80850,71755,643350,317214,1046764,245,285,222,264
2007_IOWA,IOWA,2007,483122,5194536,390585,2279228,2524723,5198975,2557629,1480218,221002,647628,12487,37819,34590,36040,39114,279198,155611,485115,243,285,225,267
2007_KANSAS,KANSAS,2007,468974,5038100,346441,2889107,1802552,4823931,2602503,1418802,199749,427238,13477,35471,34383,34572,33149,276250,140893,468295,248,290,225,267
2007_KENTUCKY,KENTUCKY,2007,646360,6226696,677570,3557084,1992042,6351636,3184235,1877438,371495,755710,17985,49986,49250,49723,41958,401215,196772,666225,235,279,222,262
2007_LOUISIANA,LOUISIANA,2007,662302,7048732,1234006,2911249,2903477,6657341,3430268,2140586,363037,618284,26631,53062,56201,51355,37806,419856,181489,681038,230,272,207,253
2007_MAINE,MAINE,2007,193539,2538161,198101,1081891,1258169,2501127,1459635,710785,111153,91361,2635,13710,14238,15334,16322,114397,65503,196245,242,286,226,270
2007_MARYLAND,MARYLAND,2007,851640,11674965,661677,4684827,6328461,11541225,6031042,3503877,474728,1170502,27179,59455,60281,65088,61767,489845,269221,845700,240,286,225,265
2007_MASSACHUSETTS,MASSACHUSETTS,2007,945070,14407777,754202,6485380,7168195,14315518,8053653,4248353,422102,951016,25853,67900,71443,73318,68757,572523,296032,962958,252,298,236,273
2007_MICHIGAN,MICHIGAN,2007,1686473,20576110,1541818,11383198,7651094,19839838,9608836,6721838,871870,1629007,27207,125592,118931,126608,126380,970882,549291,1692739,238,277,220,260
2007_MINNESOTA,MINNESOTA,2007,810104,9693509,546297,6267386,2879826,10030105,5048143,2405182,730882,1074228,12795,60140,59431,63189,74749,485245,279398,837578,247,292,225,268
2007_MISSISSIPPI,MISSISSIPPI,2007,494135,4220926,712846,2214700,1293380,4158733,2160396,1296685,251539,379581,2805,38662,37274,37948,27688,306944,137033,494122,228,265,208,250
2007_MISSOURI,MISSOURI,2007,910142,8908844,730811,3641310,4536723,9245525,4743390,2738098,485391,925265,22691,67314,67996,68636,65443,541741,285442,917188,239,281,221,263
2007_MONTANA,MONTANA,2007,144258,1474306,190631,702476,581199,1442434,793711,463422,58824,100592,539,10601,10503,11180,11057,85165,46448,142823,244,287,227,271
2007_NEBRASKA,NEBRASKA,2007,287135,3234014,298196,992032,1943786,3117931,1673992,845739,131267,378827,10091,22588,20519,21047,22400,167416,91149,291244,238,284,223,267
2007_NEVADA,NEVADA,2007,422782,4006081,277849,2266751,1461481,4346371,2047045,1216122,139918,731227,2834,31682,33760,34121,21828,271876,121752,429362,232,271,211,252
2007_NEW_HAMPSHIRE,NEW_HAMPSHIRE,2007,198625,2600123,137058,936882,1526183,2608190,1395619,733978,70608,208008,2614,10489,15026,16218,15959,121256,66413,200772,249,288,229,270
2007_NEW_JERSEY,NEW_JERSEY,2007,1363804,25293076,991769,10101279,14200028,25572112,13250745,8316185,868012,1997462,28540,91115,98195,100884,97078,794703,411332,1382348,249,289,231,270
2007_NEW_MEXICO,NEW_MEXICO,2007,327816,3272953,444466,2360542,467945,3279467,1610295,1103097,119933,396529,5378,25796,24452,25063,19594,198544,99322,329040,228,268,212,251
2007_NEW_YORK,NEW_YORK,2007,2754976,50762544,3269310,22845772,24647462,51253984,31465706,12638159,1318628,4216048,48561,184672,191647,205135,185680,1571259,852342,2765435,243,280,224,264
2007_NORTH_CAROLINA,NORTH_CAROLINA,2007,1416028,13063307,1184934,7481148,4397225,12794086,6987589,3582953,642597,1166854,16927,120998,115076,114543,85893,934399,417168,1489492,242,284,218,259
2007_NORTH_DAKOTA,NORTH_DAKOTA,2007,96577,1045678,150165,355662,539851,1042175,523778,283833,69691,90844,909,6730,6935,7472,7662,55853,31567,95059,245,292,226,268
2007_OHIO,OHIO,2007,1758645,22142424,1461326,9341723,11339375,21336580,10202242,6930905,876199,2595974,32815,130889,132634,139939,134417,1077618,585862,1827184,245,285,226,268
2007_OKLAHOMA,OKLAHOMA,2007,639032,5491931,650579,2782356,2058996,5505213,2688963,1732136,526547,502002,35270,49306,46787,45831,39321,375505,178400,642065,237,275,217,260
2007_OREGON,OREGON,2007,559643,5648586,526411,2908595,2213580,5634955,2999104,1908603,199410,293730,1310,39820,42750,43018,45559,341853,181719,565586,236,284,215,266
2007_PENNSYLVANIA,PENNSYLVANIA,2007,1760451,25334577,1821479,8593421,14919677,25627083,11994620,7333616,1022492,2533079,12490,122769,129837,143406,139930,1069191,595727,1801971,244,286,226,268
2007_RHODE_ISLAND,RHODE_ISLAND,2007,147861,2100679,165167,817792,1117720,2082332,1177636,731694,85397,20234,1770,9840,11028,12098,10848,87549,48470,147629,236,275,219,258
2007_SOUTH_CAROLINA,SOUTH_CAROLINA,2007,701580,7130274,680718,3120416,3329140,7660995,3481608,2157719,384965,1290372,22812,52314,52715,54067,39459,429440,207751,712317,237,282,214,257
2007_SOUTH_DAKOTA,SOUTH_DAKOTA,2007,121158,1136570,174096,371645,590829,1096568,573916,335382,50283,105370,1335,9688,8935,9248,8901,72401,38182,121606,241,288,223,270
2007_TENNESSEE,TENNESSEE,2007,978084,7617488,805633,3342186,3469669,7817659,4473035,2144367,414587,593354,14937,75289,72454,70745,62040,579042,282508,964259,233,274,216,259
2007_TEXAS,TEXAS,2007,4513835,44355326,4423644,15952564,23979118,45920825,21061312,12451077,2073350,6654163,217751,356706,346491,332671,273867,2800227,1300148,4674832,242,286,220,261
2007_UTAH,UTAH,2007,504079,3656090,343915,1977900,1334275,3618540,1816456,871613,266481,579188,9487,47591,44748,41114,40375,353180,165986,576244,239,281,221,262
2007_VERMONT,VERMONT,2007,89329,1836316,97086,1237083,502147,1804519,800453,439237,41603,70359,4556,6161,6490,7039,7714,52379,30942,94038,246,291,228,273
2007_VIRGINIA,VIRGINIA,2007,1220440,14176385,890144,5796043,7490198,14700853,7630837,4338027,573603,1473546,28684,89656,90397,93896,85413,732104,380413,1230857,244,288,227,267
2007_WASHINGTON,WASHINGTON,2007,1026121,10350748,801339,6339782,3209627,10682397,5148806,3028183,463389,1624443,10012,72165,76673,78219,78429,615230,332840,1030247,243,285,224,265
2007_WEST_VIRGINIA,WEST_VIRGINIA,2007,281298,2905489,353571,1677212,874706,2983267,1608247,941055,189649,228873,12247,21300,20217,21330,18625,164998,83990,282535,236,270,215,255
2007_WISCONSIN,WISCONSIN,2007,870584,10154985,574090,5175386,4405509,9988878,5459295,3147269,420699,467948,37773,59590,59995,64135,72380,487849,289421,874633,244,286,223,264
2007_WYOMING,WYOMING,2007,85034,1477891,111051,722364,644476,1390344,661713,428613,42353,246698,413,6891,6493,6711,6246,51939,27179,86422,244,287,225,266
2008_ALABAMA,ALABAMA,2008,742919,7726213,711391,4649053,2365769,7847387,3947003,2373070,564746,816799,6470,56205,58593,57809,46763,465403,217590,745668,,,,
2008_ALASKA,ALASKA,2008,130624,2188587,303399,1419318,465870,2274819,1113396,740000,65654,307512,1905,9744,9756,9673,9787,77614,41399,130662,,,,
2008_ARIZONA,ARIZONA,2008,987332,9272152,989340,4458836,3823976,9581201,4251747,2878922,443634,1571620,16748,87229,83793,81576,76735,667539,316048,1087817,,,,
2008_ARKANSAS,ARKANSAS,2008,476110,4608356,488378,3487063,632915,4720720,2388502,1462092,248189,463449,13254,37997,36345,35387,30256,289953,137196,478965,,,,
2008_CALIFORNIA,CALIFORNIA,2008,6258421,74626928,7227456,43187637,24211835,76618865,36542347,22310865,3692956,9388155,70497,461063,463904,486390,476156,3770281,2013687,6322528,,,,
2008_COLORADO,COLORADO,2008,796824,8070129,543952,3398303,4127874,8884786,4221868,2765773,314078,1157579,28280,63985,61058,58733,55936,488039,238139,818443,,,,
2008_CONNECTICUT,CONNECTICUT,2008,544417,9322225,386592,3520752,5414881,9046750,4878853,2669596,313708,826090,14952,40684,41792,43027,40743,336582,174980,567198,,,,
2008_DELAWARE,DELAWARE,2008,114062,1694998,104304,1037624,553070,1746925,852701,494996,72590,241390,738,9458,9521,9908,8120,76615,38619,125430,,,,
2008_DISTRICT_OF_COLUMBIA,DISTRICT_OF_COLUMBIA,2008,58191,1224312,85568,0,1138744,1224785,520090,439197,43032,202768,7451,5122,4595,4540,3444,38190,17891,68681,,,,
2008_FLORIDA,FLORIDA,2008,2645680,30001821,2480218,11830218,15691385,31219589,14392625,8465282,1558863,5980134,48233,193428,198129,200736,167705,1607634,781725,2631020,,,,
2008_GEORGIA,GEORGIA,2008,1646010,18683630,1449557,8432720,8801353,19172087,10289480,5115445,813562,2703375,40726,129336,127285,123857,96131,1015622,470108,1655792,,,,
2008_HAWAII,HAWAII,2008,179897,2541703,310732,2154313,76658,2242408,1281836,742938,123179,94455,1607,15475,13739,12665,11326,108733,53481,179478,,,,
2008_IDAHO,IDAHO,2008,265844,2151476,205035,1409151,537290,2001328,1124302,627415,94898,93431,2797,21516,21450,20623,18826,169241,81497,275051,,,,
2008_ILLINOIS,ILLINOIS,2008,2099118,25431714,1996023,8357924,15077767,25696866,12676038,8161836,885452,2559210,92782,146969,152951,159272,147796,1239444,640512,2119707,,,,
2008_INDIANA,INDIANA,2008,1033329,11340157,808860,5367296,5164001,10865851,5504992,3433093,461943,941950,11487,76308,78842,80874,72989,642226,316126,1046147,,,,
2008_IOWA,IOWA,2008,485114,5496908,391985,2465108,2639815,5495756,2737356,1560614,220771,672361,17022,38522,35031,35324,38050,280022,151993,487559,,,,
2008_KANSAS,KANSAS,2008,467743,5378095,344198,3138799,1895098,5122049,2770019,1540862,213301,428160,14271,36267,34965,34366,32267,278255,139086,471060,,,,
2008_KENTUCKY,KENTUCKY,2008,666019,6637062,697220,3841470,2098372,6793215,3422359,2027937,402041,760566,18660,50643,49875,49668,43326,402718,197748,670030,,,,
2008_LOUISIANA,LOUISIANA,2008,662971,7751886,1290154,3376556,3085176,7599993,3879560,2344416,397140,787702,28564,52660,57165,51910,38234,422989,180660,684873,,,,
2008_MAINE,MAINE,2008,193058,2594335,194914,1122001,1277420,2582293,1359995,843451,135557,113571,2893,13475,13860,14886,15423,112956,63611,192935,,,,
2008_MARYLAND,MARYLAND,2008,845700,13098112,701595,5499326,6897191,12739693,6614339,3878575,500507,1358068,26821,60530,59512,63639,60916,489122,267388,843861,,,,
2008_MASSACHUSETTS,MASSACHUSETTS,2008,937677,14633578,742093,6114211,7777274,14631545,8479345,4447719,441653,655884,26796,68540,70666,73170,68329,570479,292372,958910,,,,
2008_MICHIGAN,MICHIGAN,2008,1661936,20441973,1492685,11170772,7778516,20703780,9608877,6735708,896352,1375044,29772,124451,117432,123823,126352,952522,535452,1659921,,,,
2008_MINNESOTA,MINNESOTA,2008,807929,10118118,558886,6513673,3045559,10462624,5242058,2589268,768142,1136550,13522,61982,59822,62080,74202,484680,275864,836048,,,,
2008_MISSISSIPPI,MISSISSIPPI,2008,493302,4449009,708253,2389484,1351272,4363308,2286231,1364586,264883,377201,3106,38511,38159,37889,28288,305584,136917,491962,,,,
2008_MISSOURI,MISSOURI,2008,898350,9335599,723460,3808601,4803538,9900419,5004354,2939293,518600,1070552,25435,67690,67620,68030,66266,542286,282460,917871,,,,
2008_MONTANA,MONTANA,2008,142695,1562815,185898,766328,610589,1557678,831718,491537,62756,141860,963,10802,10558,10890,10670,85104,45030,141899,,,,
2008_NEBRASKA,NEBRASKA,2008,290912,3383157,321975,1091160,1970022,3325663,1784350,869629,135025,444442,11046,22790,20939,20958,22246,169076,89678,292590,,,,
2008_NEVADA,NEVADA,2008,428776,4338601,280898,2493641,1564062,4881218,2094491,1329327,150730,1058467,3393,32188,34099,34394,23330,272468,125034,433371,,,,
2008_NEW_HAMPSHIRE,NEW_HAMPSHIRE,2008,195668,2715463,136012,1008333,1571118,2715961,1495009,783298,74069,163893,2834,10968,14613,15783,15419,119193,64939,197934,,,,
2008_NEW_JERSEY,NEW_JERSEY,2008,1353191,25916004,976009,10359646,14580349,26168480,13739017,8737387,899413,1625458,30746,93504,99242,100894,97515,795554,409500,1381420,,,,
2008_NEW_MEXICO,NEW_MEXICO,2008,329045,3569311,467492,2542639,559180,3599724,1732652,1129277,125528,569550,6365,25680,25119,24366,19940,199370,98830,330245,,,,
2008_NEW_YORK,NEW_YORK,2008,2727552,53147343,3129776,24036865,25980702,54870811,33446544,13610428,1375430,4805621,50758,187194,190067,201895,185896,1552130,839837,2740592,,,,
2008_NORTH_CAROLINA,NORTH_CAROLINA,2008,1408316,13610326,1240410,8009636,4360280,13731201,7229214,3566002,718663,1728313,24678,117282,114909,111050,88724,916966,429719,1488645,,,,
2008_NORTH_DAKOTA,NORTH_DAKOTA,2008,94959,1104803,145770,383307,575726,1085970,552250,300054,73451,88292,1262,7217,6812,7364,7608,55476,30773,94728,,,,
2008_OHIO,OHIO,2008,1743920,22746589,1523431,9777048,11446110,21951104,10494471,7164617,896835,2568654,37873,130405,132680,137479,134522,1071216,577669,1817163,,,,
2008_OKLAHOMA,OKLAHOMA,2008,641682,5780151,642088,2957101,2180962,5667749,2773416,1823162,555187,459000,37726,50497,47245,45149,38798,378557,176679,645108,,,,
2008_OREGON,OREGON,2008,562632,6107684,515223,3200001,2392460,6407512,3217111,2061901,212339,621540,11855,40556,43272,43339,46120,343010,179972,575393,,,,
2008_PENNSYLVANIA,PENNSYLVANIA,2008,1718588,26357235,1868700,9032615,15455920,26597713,12375013,7655651,1095105,2537699,13686,126197,130592,139173,136937,1053231,579521,1775029,,,,
2008_RHODE_ISLAND,RHODE_ISLAND,2008,143812,2173888,164966,836509,1172413,2175172,1229747,765970,88156,28023,1985,9905,9752,11422,10709,86093,47359,145342,,,,
2008_SOUTH_CAROLINA,SOUTH_CAROLINA,2008,710685,7743317,693967,3916453,3132897,8167262,3745507,2467160,389371,1179283,23376,52468,53996,53446,43189,431758,210511,718113,,,,
2008_SOUTH_DAKOTA,SOUTH_DAKOTA,2008,121606,1190917,180925,394721,615271,1172715,609848,351235,61081,114678,2626,10315,9234,9446,8831,74536,38952,126429,,,,
2008_TENNESSEE,TENNESSEE,2008,966963,8086152,840919,3711646,3533587,8488521,4709467,2373319,451628,735501,16864,76156,75091,72255,65306,591529,287401,971950,,,,
2008_TEXAS,TEXAS,2008,4581517,46245975,4501845,19923849,21820281,50205827,22845539,13360064,2214832,8133118,224759,362318,355578,343548,280308,2859434,1305637,4752148,,,,
2008_UTAH,UTAH,2008,556314,4198001,380907,2363716,1453378,4337917,2068264,948423,289783,929772,9480,47046,44546,40261,37818,347943,155309,559778,,,,
2008_VERMONT,VERMONT,2008,87919,1888635,94504,1290067,504064,1888133,831132,463215,44089,83821,4698,6192,6471,7004,7520,52104,30631,93625,,,,
2008_VIRGINIA,VIRGINIA,2008,1230857,14768120,897627,5957786,7912707,15236306,8003167,4645375,555074,1528769,29987,89931,91133,92881,87177,735090,380787,1235795,,,,
2008_WASHINGTON,WASHINGTON,2008,1029576,11195224,895642,6932500,3367082,11677666,5561706,3369299,501855,1797341,10995,73831,77999,78902,79916,619968,332224,1037018,,,,
2008_WEST_VIRGINIA,WEST_VIRGINIA,2008,281735,2965828,320529,1723068,922231,3068910,1667812,945152,190634,249687,13150,20919,20162,21268,18914,165408,83252,282729,,,,
2008_WISCONSIN,WISCONSIN,2008,867929,10619354,629423,5221550,4768381,10545964,5619617,3294291,451721,666877,43161,60384,60319,62317,71799,485983,284222,873750,,,,
2008_WYOMING,WYOMING,2008,85991,1602514,100207,846239,656068,1517325,703831,449989,43352,309892,452,7215,6608,6456,6111,52968,26526,87161,,,,
2009_ALABAMA,ALABAMA,2009,745668,7186390,728795,4161103,2296492,7815467,3836398,2331552,561019,924956,7774,57019,59512,57027,48164,464601,219495,748889,228,269,216,255
2009_ALASKA,ALASKA,2009,130236,2158970,312667,1357747,488556,2396412,1129756,832783,70835,303165,2475,9804,10046,9626,9779,78545,40837,131661,237,283,211,259
2009_ARIZONA,ARIZONA,2009,981303,8802515,1044140,3806064,3952311,9580393,4296503,2983729,455403,1312659,9175,84191,83686,82163,79283,666897,317397,1077831,230,277,210,258
2009_ARKANSAS,ARKANSAS,2009,474423,4753142,534510,3530487,688145,5017352,2417974,1492691,533057,409763,13504,38115,36479,35715,30567,292256,136213,480559,238,276,216,258
2009_CALIFORNIA,CALIFORNIA,2009,6234155,73958896,9745250,40084244,24129402,74766086,35617964,21693675,3759373,8881265,71783,471058,465866,472856,478503,3717166,1997064,6263438,232,270,210,253
2009_COLORADO,COLORADO,2009,812068,8310673,560538,3634018,4116117,8682489,4108304,2708535,330128,1035058,29701,64190,62929,59129,58526,497487,240990,832368,243,287,226,266
2009_CONNECTICUT,CONNECTICUT,2009,539250,9681268,403017,3606594,5671657,9323053,5054397,2805173,330685,763075,15689,39866,41510,42999,41029,334409,174004,563968,245,289,229,272
2009_DELAWARE,DELAWARE,2009,116804,1718993,109682,1047418,561893,1798244,877678,496383,80812,254460,755,9537,9672,9519,8317,77418,39091,126801,239,284,226,265
2009_DISTRICT_OF_COLUMBIA,DISTRICT_OF_COLUMBIA,2009,44331,801008,75856,0,725152,805362,330698,370127,38514,66023,8499,5190,4893,4452,3301,37698,17597,69433,219,254,202,242
2009_FLORIDA,FLORIDA,2009,2623067,26494500,2694566,9047586,14752348,28867429,13884278,8067350,1546420,4533913,51495,196057,199322,198245,172321,1603349,783621,2634522,242,279,226,264
2009_GEORGIA,GEORGIA,2009,1649598,17972839,1644548,7739086,8589205,19025136,10063924,5135180,837062,2712073,41940,131325,130091,124084,97779,1021486,472934,1667685,236,278,218,260
2009_HAWAII,HAWAII,2009,179478,2689758,392837,2205032,91889,2318671,1402305,718309,129473,68584,1547,15970,14249,12967,10621,109861,52630,180196,236,274,211,255
2009_IDAHO,IDAHO,2009,267951,2182273,218777,1459554,503942,2078446,1157633,646213,100576,111190,2646,21605,21337,21019,19250,170477,81571,276299,241,287,221,265
2009_ILLINOIS,ILLINOIS,2009,2117291,26987426,3346509,7879160,15761757,27716187,13520105,8764971,932950,2884993,84727,148097,154405,155003,146476,1230889,640462,2104175,238,282,219,265
2009_INDIANA,INDIANA,2009,1028259,12999357,1403839,5804809,5790709,11218398,5548292,3681825,476598,899628,12444,78224,79992,80983,72999,639931,316062,1046661,243,287,223,266
2009_IOWA,IOWA,2009,487559,5732319,431142,2545353,2755824,5732186,2914176,1615189,225983,672339,21804,38956,35225,35239,38685,280573,150509,491842,243,284,221,265
2009_KANSAS,KANSAS,2009,470445,5615208,378810,3291485,1944913,5827751,2883104,1578417,223951,958961,10509,36461,35782,34596,33522,282847,140240,474489,245,289,224,267
2009_KENTUCKY,KENTUCKY,2009,669858,6706922,719997,3870440,2116485,6831006,3468191,2050683,411529,720114,27909,51276,51027,49298,43097,405017,195515,680089,239,279,226,267
2009_LOUISIANA,LOUISIANA,2009,662774,7984550,1238259,3568903,3177388,8053960,4051985,2542723,408292,824390,29447,53763,59998,52818,38828,426673,181032,690915,229,272,207,253
2009_MAINE,MAINE,2009,187372,2623127,245063,1107152,1270912,2624504,1383650,857706,148378,108016,3783,13704,13769,14438,15246,111159,60579,189225,244,286,224,268
2009_MARYLAND,MARYLAND,2009,843781,13147931,694846,5697257,6755828,12757599,6899346,3984072,490336,961161,28626,61428,61183,62590,61273,491731,266627,848412,244,288,226,267
2009_MASSACHUSETTS,MASSACHUSETTS,2009,932437,15298022,1181681,5974489,8141852,15174814,8885949,4626112,456737,589413,27871,68369,71078,72093,67973,569489,290502,957053,252,299,234,274
2009_MICHIGAN,MICHIGAN,2009,1537515,19616665,2094714,10130740,7391211,19992550,9422685,6354021,865858,1280455,29850,126313,118702,121463,126181,948457,529531,1649082,236,278,218,262
2009_MINNESOTA,MINNESOTA,2009,800831,10353784,575703,6590788,3187293,11193640,5815987,2712430,803017,1187008,13933,63111,60640,61281,74532,487617,272392,837053,249,294,223,270
2009_MISSISSIPPI,MISSISSIPPI,2009,491194,4392101,675576,2334363,1382162,4552756,2317710,1392119,275915,493773,3607,39148,39651,36577,28943,304201,137511,492481,227,265,211,251
2009_MISSOURI,MISSOURI,2009,893807,9472520,758650,3927189,4786681,10227305,5175127,3023041,535977,1120105,25584,69016,68730,67430,67254,543482,279900,917982,241,286,224,267
2009_MONTANA,MONTANA,2009,141782,1607935,195705,765177,647053,1622485,855803,509899,66973,158151,1209,10960,10499,10911,10563,85699,43939,141807,244,292,225,270
2009_NEBRASKA,NEBRASKA,2009,292161,3522481,297732,1182776,2041973,3523803,1887427,905681,144995,488293,11954,23577,21517,20834,22266,171329,88508,295368,239,284,223,267
2009_NEVADA,NEVADA,2009,430985,4442101,425133,2272415,1744553,4577881,2145779,1364083,142194,633545,3953,32038,33664,33291,25935,269058,123420,428947,235,274,211,254
2009_NEW_HAMPSHIRE,NEW_HAMPSHIRE,2009,197024,2816162,146867,1002239,1667056,2757401,1546316,822081,74820,112359,2987,11969,14560,15517,15588,117812,64372,197140,251,292,229,271
2009_NEW_JERSEY,NEW_JERSEY,2009,1354912,26510413,1014556,10401527,15094330,26145334,13800343,8687138,952796,1499241,33937,95251,99911,100749,98733,802749,412848,1396029,247,293,229,273
2009_NEW_MEXICO,NEW_MEXICO,2009,328737,3703477,519973,2615320,568184,3945515,1807514,1167618,132017,784529,7406,26266,25358,24126,20150,201671,99076,334419,230,270,208,254
2009_NEW_YORK,NEW_YORK,2009,2696688,55885116,3197833,25768345,26918938,57851481,35195372,14079990,1415237,5463718,51251,190741,193473,198690,188377,1550122,858087,2766052,241,283,224,264
2009_NORTH_CAROLINA,NORTH_CAROLINA,2009,1452064,15410564,1377661,8229140,5803763,14868070,7943541,3848021,751609,1647148,26688,104954,116876,109864,88983,921621,429596,1483397,244,284,219,260
2009_NORTH_DAKOTA,NORTH_DAKOTA,2009,94653,1150142,160294,407374,582474,1137260,579830,310316,78735,95977,1285,7472,6547,7308,7637,55819,30497,95073,245,293,226,269
2009_OHIO,OHIO,2009,1729072,22779344,1531263,10226228,11021853,22427481,10734314,7347959,929409,2552105,29329,131114,133751,134169,118872,1064903,538951,1764297,244,286,225,269
2009_OKLAHOMA,OKLAHOMA,2009,644549,6029807,768972,3014993,2245842,5941799,2836912,1895590,577867,568720,39784,51037,48457,45268,40046,384931,177366,654802,237,276,217,259
2009_OREGON,OREGON,2009,560726,6158756,656298,3117315,2385143,6715011,3291310,2121378,214699,803096,21143,40563,43059,43261,46088,342745,178388,582839,238,285,218,265
2009_PENNSYLVANIA,PENNSYLVANIA,2009,1687145,26755585,1811141,9858461,15085983,27328680,12803821,7637090,1155635,2411908,15239,128947,132213,137072,140845,1055000,584316,1785993,244,288,224,271
2009_RHODE_ISLAND,RHODE_ISLAND,2009,141521,2179714,206225,765069,1208420,2171376,1224158,773039,90493,24161,2109,10254,10188,11275,10697,85821,46934,145118,239,278,223,260
2009_SOUTH_CAROLINA,SOUTH_CAROLINA,2009,714290,7669733,734602,3654658,3280473,8427391,3854229,2463391,398422,1318784,24425,53615,55671,52711,44364,434084,211019,723143,236,280,216,257
2009_SOUTH_DAKOTA,SOUTH_DAKOTA,2009,126624,1258876,201889,412798,644189,1273527,645912,379946,56772,154459,1367,10560,9245,9251,8741,73818,37968,123713,242,291,222,270
2009_TENNESSEE,TENNESSEE,2009,971484,8112895,870374,3800870,3441651,8611178,4809809,2480290,461464,652210,16506,76745,75052,71050,66366,593417,285881,972549,232,275,217,261
2009_TEXAS,TEXAS,2009,4647205,48087531,4913841,19708771,23464919,53575273,23895853,13799383,2289408,9297597,239030,369433,368175,346524,291130,2911885,1329862,4850210,240,287,219,260
2009_UTAH,UTAH,2009,532433,4238943,535223,2224007,1479713,4419750,2169434,1008636,310325,821593,8225,47684,45610,40997,38995,357434,158243,571586,240,284,219,266
2009_VERMONT,VERMONT,2009,86320,1683034,102453,1336424,244157,1661019,859433,489015,49100,64170,4837,6216,6237,6647,7328,51133,29265,91451,248,293,229,272
2009_VIRGINIA,VIRGINIA,2009,1235064,15251481,914507,6317714,8019260,15510318,8194237,4813706,574858,1418914,30600,92281,93708,92075,87839,741139,381320,1245340,243,286,227,266
2009_WASHINGTON,WASHINGTON,2009,1035907,12025012,1385421,7146416,3493175,12240632,5984072,3464921,509407,1818982,11037,74547,78270,77206,83604,619803,329960,1035347,242,289,221,267
2009_WEST_VIRGINIA,WEST_VIRGINIA,2009,281908,3097212,355325,1793917,947970,3121728,1759397,994305,196984,157049,13894,21454,20790,20516,18688,164965,82349,282662,233,270,215,255
2009_WISCONSIN,WISCONSIN,2009,867035,10991081,1258519,4785070,4947492,10880480,5857285,3382519,473295,648807,47054,61094,61242,61748,71242,485288,279000,872436,244,288,220,266
2009_WYOMING,WYOMING,2009,86971,1675761,108333,945765,621663,1658156,744877,482641,47165,372507,534,7406,6683,6606,6160,53885,26330,88155,242,286,223,268
2010_ALABAMA,ALABAMA,2010,748889,7281058,1134111,3800128,2346819,7647571,3900492,2308399,555539,729720,8179,57665,59117,57992,49719,467768,221940,755552,,,,
2010_ALASKA,ALASKA,2010,131265,2230338,366970,1356673,506695,2371251,1151630,856333,71634,229874,2990,10120,9917,9622,9643,78880,40114,132104,,,,
2010_ARIZONA,ARIZONA,2010,963517,8828122,1579806,3139588,4108728,8812967,4223152,2949514,400773,713810,8554,82860,82862,80636,81326,660440,319747,1071751,,,,
2010_ARKANSAS,ARKANSAS,2010,474897,5069272,787738,3677112,604422,5520387,2521528,1595730,639753,595456,14059,37701,36873,36237,30330,293680,136156,482114,,,,
2010_CALIFORNIA,CALIFORNIA,2010,6213958,67356719,9715980,34173911,23466828,71227111,34657275,20704755,3556156,7150441,72404,468036,463691,476639,492545,3749960,1993538,6289578,,,,
2010_COLORADO,COLORADO,2010,825242,8793676,714230,3817875,4261571,8914338,4232076,2807231,330789,1011988,30593,65182,63819,59684,60899,505302,242239,843316,,,,
2010_CONNECTICUT,CONNECTICUT,2010,534800,9726922,818573,3238401,5669948,9542108,5242817,2768520,331600,823081,15921,39670,41155,42346,41381,331884,173071,560546,,,,
2010_DELAWARE,DELAWARE,2010,117628,1733458,180584,992422,560452,1758988,901200,499586,79328,192826,1626,9810,9797,9504,8464,78843,39124,129403,,,,
2010_DISTRICT_OF_COLUMBIA,DISTRICT_OF_COLUMBIA,2010,43866,1195934,80585,0,1115349,1290048,526469,425379,40837,297363,9581,5939,4877,4307,3407,37867,17632,71284,,,,
2010_FLORIDA,FLORIDA,2010,2627390,26231141,4200103,8216582,13814456,27267009,13869921,8069310,1573867,2944085,52779,197097,200682,201676,178315,1608622,784849,2643347,,,,
2010_GEORGIA,GEORGIA,2010,1660643,17839851,2598486,6739406,8501959,17834488,9841382,5059938,822517,1814143,42816,132008,131326,123794,100392,1027655,474588,1677067,,,,
2010_HAWAII,HAWAII,2010,180196,2564856,382400,2093300,89156,2215458,1321657,697833,123051,72917,1393,16028,13457,12567,10818,109990,51975,179601,,,,
2010_IDAHO,IDAHO,2010,266613,2177999,444112,1231537,502350,2098737,1159932,638912,100157,135181,1821,21144,21575,20588,19362,171179,81715,275859,,,,
2010_ILLINOIS,ILLINOIS,2010,2098401,28253620,3809939,8696107,15747574,28560306,14668228,9146295,961079,1944264,78260,146225,153781,154293,146953,1230308,636861,2091654,,,,
2010_INDIANA,INDIANA,2010,1026053,14023240,1477561,7342841,5202838,11502534,5746633,3696608,492877,929416,11652,76765,82387,79790,74836,640997,317818,1047232,,,,
2010_IOWA,IOWA,2010,491255,5744872,728361,2217889,2798622,5941449,2970150,1622316,226336,811476,27211,39306,35071,35263,37704,281595,147663,495775,,,,
2010_KANSAS,KANSAS,2010,471406,5454128,673692,2860999,1919437,5979429,2837948,1529158,219287,1182167,17318,37023,35991,34220,33180,285250,139505,483701,,,,
2010_KENTUCKY,KENTUCKY,2010,679901,6881951,1059915,3662243,2159793,7092071,3616584,2117063,416036,747498,24260,51091,51189,48525,43723,404656,192661,673128,,,,
2010_LOUISIANA,LOUISIANA,2010,663802,8091029,1549575,3348043,3193411,8125021,4136550,2543542,402190,788979,29657,54276,58778,49523,38438,428333,184292,696558,,,,
2010_MAINE,MAINE,2010,187634,2721365,320917,1083913,1316535,2680693,1421800,874381,106653,157510,4247,13819,13728,14358,15315,110863,60148,189077,,,,
2010_MARYLAND,MARYLAND,2010,848252,13327770,1004498,5544725,6778547,13205691,7147880,4047487,481151,1107922,29377,62704,60765,61971,60555,496075,264055,852211,,,,
2010_MASSACHUSETTS,MASSACHUSETTS,2010,929569,14919763,1092892,5742989,8083882,14857823,8479433,4512401,442057,807802,27747,67496,71140,71588,67716,570283,289161,955563,,,,
2010_MICHIGAN,MICHIGAN,2010,1510716,19393461,2383817,9694417,7315227,19967017,9457233,6228939,879325,1201729,28187,112835,115722,118831,122236,929231,508868,1587067,,,,
2010_MINNESOTA,MINNESOTA,2010,799615,10383935,1245368,5978487,3160080,10564774,5676045,2504618,795088,949938,14405,62961,61627,61706,73661,492597,268074,838037,,,,
2010_MISSISSIPPI,MISSISSIPPI,2010,491651,4466377,945973,2109089,1411315,4504257,2337184,1399684,273024,421984,3447,38923,38295,36113,29668,303722,136277,490526,,,,
2010_MISSOURI,MISSOURI,2010,897348,9587703,1430854,3471772,4685077,10139784,5237387,3043213,549680,926566,28495,69376,68313,66944,65990,545120,275719,918710,,,,
2010_MONTANA,MONTANA,2010,141693,1623971,256049,744931,622991,1642886,895727,531730,68814,110195,1351,11115,10751,10729,10316,86025,43202,141693,,,,
2010_NEBRASKA,NEBRASKA,2010,294948,3720560,465728,1184996,2069836,3640199,2089854,927065,152158,371348,12656,23411,21901,20875,22236,174225,88208,298500,,,,
2010_NEVADA,NEVADA,2010,423859,4262471,358496,2341891,1562084,4260869,2117135,1359161,142848,381094,4444,32454,34047,33070,29207,269773,129831,437149,,,,
2010_NEW_HAMPSHIRE,NEW_HAMPSHIRE,2010,196648,2906573,185175,1060998,1660400,2856965,1612216,837094,76110,131261,3097,11970,14294,15407,15019,116509,63135,194711,,,,
2010_NEW_JERSEY,NEW_JERSEY,2010,1369553,26676217,2386865,9059511,15229841,26736651,14481471,8958765,962529,1154089,53564,92413,98641,99630,97358,794568,405143,1402548,,,,
2010_NEW_MEXICO,NEW_MEXICO,2010,331436,3638606,753816,2307843,576947,3814058,1800983,1178045,135042,634137,7980,26688,25955,24469,20594,204677,98777,338122,,,,
2010_NEW_YORK,NEW_YORK,2010,2697357,55453300,3694050,23111427,28647823,60067253,36628097,14152383,1433218,6125749,51649,194607,198720,203761,191528,1609766,851829,2734955,,,,
2010_NORTH_CAROLINA,NORTH_CAROLINA,2010,1444409,16621268,1927843,7451302,7242123,14162497,7637844,3873929,705012,1192652,23510,115782,118617,111112,91541,918327,432196,1490605,,,,
2010_NORTH_DAKOTA,NORTH_DAKOTA,2010,94997,1308214,277985,552616,477613,1267426,627378,342204,80790,142873,1529,7449,6974,7298,7581,57057,30288,96323,,,,
2010_OHIO,OHIO,2010,1669748,23247907,2310440,9987732,10949735,22701333,10976072,7468941,923709,2451038,30047,129964,133202,133210,118946,1062797,531383,1754191,,,,
2010_OKLAHOMA,OKLAHOMA,2010,653592,5778507,768319,2658186,2352002,5971651,2900568,1901671,624330,471937,40688,52114,48519,45737,39634,389362,175949,659911,,,,
2010_OREGON,OREGON,2010,560239,6219779,813110,2947614,2459055,6398065,3246437,2054025,219391,573818,9392,40656,42924,42834,46212,342553,178119,570720,,,,
2010_PENNSYLVANIA,PENNSYLVANIA,2010,1682887,27883991,2977089,9430947,15475955,28231191,13442543,7774897,1183764,2208448,16294,128120,132497,135876,141710,1064238,582442,1793284,,,,
2010_RHODE_ISLAND,RHODE_ISLAND,2010,141023,2207123,247217,736525,1223381,2187163,1238257,758963,89242,40673,2054,10057,10865,10954,10466,85623,46059,143793,,,,
2010_SOUTH_CAROLINA,SOUTH_CAROLINA,2010,715590,7755419,1058473,3377539,3319407,8242553,3797945,2445636,389554,1203253,24188,54624,55636,52904,44703,436769,210257,725838,,,,
2010_SOUTH_DAKOTA,SOUTH_DAKOTA,2010,123555,1292742,250554,398601,643587,1281632,660064,382212,57639,146273,1974,11049,9140,9275,9063,74913,38192,126128,,,,
2010_TENNESSEE,TENNESSEE,2010,971414,8405025,1094293,3834174,3476558,8760367,4934044,2516326,467568,627390,28787,76642,75481,71475,67441,596278,285715,987422,,,,
2010_TEXAS,TEXAS,2010,4728815,50559500,7984614,18899565,23675321,53810244,25097921,14179639,2401640,8055742,249122,374195,374111,354314,298400,2963292,1349106,4935715,,,,
2010_UTAH,UTAH,2010,538676,4250259,570301,2171889,1508069,4326951,2117551,1002867,308107,786272,10376,48043,46127,42227,38744,366560,160573,585552,,,,
2010_VERMONT,VERMONT,2010,87750,1749898,173528,1326528,249842,1719870,890606,509650,47578,65751,10678,6259,6291,6757,7114,51052,28869,96858,,,,
2010_VIRGINIA,VIRGINIA,2010,1244673,14937195,1532041,5489710,7915444,14919831,8049137,4654459,565527,1127484,30821,92899,93965,91877,89266,747726,379994,1251440,,,,
2010_WASHINGTON,WASHINGTON,2010,1034735,11919090,1400984,6931430,3586676,11820814,5934710,3402730,503236,1516372,12056,75933,78546,78448,83712,626183,329616,1043788,,,,
2010_WEST_VIRGINIA,WEST_VIRGINIA,2010,281828,3176874,513794,1677745,985335,3484593,1978226,1094980,204402,191662,14660,21256,20493,20455,18430,165556,81407,282879,,,,
2010_WISCONSIN,WISCONSIN,2010,864898,11289720,1115342,4951919,5222459,11116821,5994721,3455651,485711,617744,50200,60721,61015,61337,69858,487558,273807,872286,,,,
2010_WYOMING,WYOMING,2010,87379,1718605,123942,880916,713747,1696177,787627,504838,49289,340678,582,7611,6694,6657,6233,54593,26223,89009,,,,
2011_ALABAMA,ALABAMA,2011,746933,7376725,1077070,3965614,2334041,7411768,3844055,2295909,559140,564183,8282,57602,56491,57919,49510,461122,217615,744621,231,269,220,258
2011_ALASKA,ALASKA,2011,131704,2357828,420152,1416163,521513,2443898,1215062,908567,81031,180137,2755,10453,9667,9527,9918,78849,39110,131167,236,283,208,261
2011_ARIZONA,ARIZONA,2011,946571,8429186,1245814,3054501,4128871,8610417,3977772,2935127,350633,741124,8860,84433,82566,81294,81179,665998,320807,1080319,235,279,212,260
2011_ARKANSAS,ARKANSAS,2011,475551,5176362,827026,3701224,648112,5669431,2559292,1655684,676591,605857,14466,37305,36662,36339,30441,293926,136959,483114,238,279,217,259
2011_CALIFORNIA,CALIFORNIA,2011,6202604,70953331,9990221,37752712,23210398,69847705,34225248,20266047,3486160,6523770,73630,488070,462082,467626,494144,3742708,1977069,6287834,234,273,211,255
2011_COLORADO,COLORADO,2011,834832,8747471,969288,3493923,4284260,8676451,4204486,2804955,338267,827354,31091,66361,64560,61156,61398,513402,243411,854265,244,292,223,271
2011_CONNECTICUT,CONNECTICUT,2011,530132,9783168,796156,3185501,5801511,9439182,5363942,2844490,333756,516116,16022,38840,40138,42511,40677,328515,171060,554437,242,287,227,275
2011_DELAWARE,DELAWARE,2011,119878,1759170,192182,1010026,556962,1808905,964284,497158,89576,182497,1402,10116,9691,9569,8570,79106,38322,128946,240,283,225,266
2011_DISTRICT_OF_COLUMBIA,DISTRICT_OF_COLUMBIA,2011,44199,1283071,155505,0,1127566,1297175,525185,389526,56132,326332,10831,6358,4643,4328,3190,38259,17261,73911,222,260,201,242
2011_FLORIDA,FLORIDA,2011,2636404,26453693,4710376,9069119,12674198,26991946,14284224,8077593,1637138,2217069,54938,203302,195625,200378,174371,1617862,792054,2668156,240,278,225,262
2011_GEORGIA,GEORGIA,2011,1666039,18030043,2267161,7492489,8270393,17187481,9671343,5005101,874605,1368395,45353,133372,128827,126785,98625,1032525,473766,1685016,238,278,221,262
2011_HAWAII,HAWAII,2011,179601,2499513,347363,2088870,63280,2259104,1253534,786284,133810,85476,1492,16827,14353,12783,11084,112565,51598,182706,239,278,214,257
2011_IDAHO,IDAHO,2011,265713,2089982,292602,1320153,477227,1960818,1104553,613667,98963,83524,1338,21901,21835,21172,19423,174825,81809,279873,240,287,221,268
2011_ILLINOIS,ILLINOIS,2011,2072114,29507584,2894897,10030682,16582005,28525858,14636402,9271610,922651,1884866,80723,145489,151870,153828,145047,1226944,629941,2083097,239,283,219,266
2011_INDIANA,INDIANA,2011,1023220,12125155,1024389,7340384,3760382,11113533,5609296,3548729,500684,843671,9540,78166,78627,79586,74071,636899,316160,1040765,244,285,221,265
2011_IOWA,IOWA,2011,493493,6098470,596688,2537754,2964028,6057294,2995991,1638449,230237,861361,26930,40187,34951,35498,37069,283035,145718,495870,243,285,221,265
2011_KANSAS,KANSAS,2011,482692,5538869,612100,2945175,1981594,5662146,2839803,1530694,220493,851777,18110,37557,35608,35291,32478,287355,137455,486108,246,290,224,267
2011_KENTUCKY,KENTUCKY,2011,672958,7104589,1164688,3704150,2235751,7253850,3663998,2238626,426989,733357,28107,52325,49894,50043,43928,407678,193392,681987,241,282,225,269
2011_LOUISIANA,LOUISIANA,2011,665109,8022917,1497262,3269321,3256334,8218870,4162557,2582814,406798,809639,29422,56037,58304,52289,39088,433343,184588,703390,231,273,210,255
2011_MAINE,MAINE,2011,186835,2654366,289290,1043281,1321795,2728535,1431522,874220,145034,164850,5048,13644,13533,14584,14887,111354,58923,188969,244,289,222,270
2011_MARYLAND,MARYLAND,2011,851971,13443940,1255964,5508339,6679637,13247697,7205515,4150447,482356,989839,28850,64727,63118,61917,60289,500639,259870,854086,247,288,231,271
2011_MASSACHUSETTS,MASSACHUSETTS,2011,924903,15396681,1197383,5783240,8416058,15150898,8685894,4583586,445972,817228,28116,67956,70404,72758,67460,569243,287055,953369,253,299,237,275
2011_MICHIGAN,MICHIGAN,2011,1455966,19374026,2525528,9845508,7002990,18469948,9198775,6024406,862583,1273466,37020,107852,112465,118628,120498,920586,500042,1573537,236,280,219,265
2011_MINNESOTA,MINNESOTA,2011,798891,10912368,842906,6289912,3779550,10612480,5644771,2520057,805204,1016875,14568,64133,60917,61574,71583,496843,264194,839738,249,295,222,270
2011_MISSISSIPPI,MISSISSIPPI,2011,490526,4516742,1006465,2071467,1438810,4345783,2238165,1393211,274243,368906,3842,41048,37715,36071,29115,303072,134158,490619,230,269,209,254
2011_MISSOURI,MISSOURI,2011,896702,9915356,1344755,3828396,4742205,9842505,5100879,2975252,531640,849819,29931,69864,67274,68413,64475,545581,271208,916584,240,282,220,267
2011_MONTANA,MONTANA,2011,141529,1631810,264517,713642,653651,1655584,902615,540180,72488,103728,1475,11697,10739,10773,10208,86553,42624,142349,244,293,225,273
2011_NEBRASKA,NEBRASKA,2011,297659,3879388,571969,1153077,2154342,3676326,2101943,951912,171112,349683,12907,23795,22279,21115,22332,176802,87792,301296,240,283,223,268
2011_NEVADA,NEVADA,2011,429610,4146577,447002,2359671,1339904,4258855,2161550,1377125,149940,323746,4408,33502,33608,33745,30322,270807,130252,439634,237,278,213,258
2011_NEW_HAMPSHIRE,NEW_HAMPSHIRE,2011,189275,2947007,184768,1061011,1701228,3001244,1654129,855476,77384,206241,3228,11915,14190,15164,14911,114489,62268,191900,252,292,230,272
2011_NEW_JERSEY,NEW_JERSEY,2011,1399409,26242376,1283994,9331426,15626956,25716298,14113108,8634990,909456,917304,36581,90955,96459,98968,94059,783107,394133,1356431,248,294,231,275
2011_NEW_MEXICO,NEW_MEXICO,2011,331373,3591330,636436,2355210,599684,3694437,1744548,1124390,140296,616478,7652,26954,25703,24436,20671,204875,97744,337225,233,274,208,256
2011_NEW_YORK,NEW_YORK,2011,2677412,57753776,5118477,23188002,29447297,59446908,37834196,14460678,1416793,4653802,49569,197458,196082,201190,190732,1595807,831712,2704718,238,280,222,266
2011_NORTH_CAROLINA,NORTH_CAROLINA,2011,1448117,14409515,2046954,7488570,4873991,13767024,7566249,3843709,696313,980517,33603,117944,116325,113238,94017,922516,433801,1507864,245,286,221,263
2011_NORTH_DAKOTA,NORTH_DAKOTA,2011,96255,1309044,186844,630430,491770,1312226,660944,360118,86352,124967,1706,8236,7028,7436,7348,57946,29758,97646,245,292,226,269
2011_OHIO,OHIO,2011,1655534,23488657,2533882,9834235,11120540,23010396,11074360,7570565,935953,2494681,29015,131323,130406,134219,117866,1056888,522804,1740030,244,289,224,268
2011_OKLAHOMA,OKLAHOMA,2011,658163,5835133,968529,2741058,2125546,5644988,2866601,1814927,367172,510428,42145,53053,48690,47321,39447,393563,175383,666120,237,279,215,260
2011_OREGON,OREGON,2011,559631,6112484,848637,2792762,2471085,6317635,3261190,2071303,224903,461979,7262,41478,42072,43653,45898,342570,176898,568208,237,283,216,264
2011_PENNSYLVANIA,PENNSYLVANIA,2011,1670854,28492510,3371827,9261234,15859449,28810721,13761915,7947108,1207139,2189151,12887,128804,129845,135598,138265,1061733,565203,1771395,246,286,227,268
2011_RHODE_ISLAND,RHODE_ISLAND,2011,139157,2212352,234111,768713,1209528,2198940,1260021,736651,93820,43726,1979,10164,10827,11146,10558,85516,45195,142854,242,283,222,265
2011_SOUTH_CAROLINA,SOUTH_CAROLINA,2011,713511,7772777,1041572,3338715,3392490,7961448,3689782,2428477,388361,1016126,23551,56065,54157,54243,44684,439773,207797,727186,237,281,215,260
2011_SOUTH_DAKOTA,SOUTH_DAKOTA,2011,125613,1297661,262395,374648,660618,1350617,661519,390655,59757,199636,2996,11375,9364,9139,8662,76158,37487,128016,241,291,220,269
2011_TENNESSEE,TENNESSEE,2011,986382,8679893,1272825,3955476,3451592,8961443,4947165,2635217,479721,661195,27982,79803,75146,73725,67637,604964,286944,999693,233,274,215,259
2011_TEXAS,TEXAS,2011,4800196,51023159,7818075,19623258,23581826,52691826,25155007,14325757,2474232,6556210,249524,379446,375756,360279,298637,3007882,1363618,5000470,241,290,218,261
2011_UTAH,UTAH,2011,545395,4141253,500782,2058112,1582359,4195916,2157337,1018548,315664,592949,11972,48953,46758,43971,39693,373611,164296,598832,243,283,220,267
2011_VERMONT,VERMONT,2011,86982,1686499,106823,1329172,250504,1722515,888388,511825,53418,63655,5559,6062,6158,6646,6930,50525,27762,89908,247,294,227,274
2011_VIRGINIA,VIRGINIA,2011,1250852,14655345,1427301,5351177,7876867,14675815,7861076,4602566,579290,1075067,31805,95574,93770,93361,89324,753846,376658,1257883,245,289,226,267
2011_WASHINGTON,WASHINGTON,2011,1042979,11905941,1367629,6758505,3779807,11928408,6007184,3427282,514227,1467334,12268,78014,77051,78891,84089,627902,327269,1045453,243,288,221,268
2011_WEST_VIRGINIA,WEST_VIRGINIA,2011,282130,3475642,510256,1927726,1037660,3670119,2010407,1160212,211866,269242,15280,21172,20748,20778,18498,165613,80805,282870,235,273,214,256
2011_WISCONSIN,WISCONSIN,2011,864251,11664303,1002909,5226954,5434440,11440718,6138402,3668777,479352,541918,54438,60875,60094,61413,68392,487497,268295,871105,245,289,221,267
2011_WYOMING,WYOMING,2011,88165,1650621,154955,878979,616687,1656850,825783,528352,52046,234408,518,7873,6790,6796,6178,55666,26042,90099,244,288,224,270
2012_ALABAMA,ALABAMA,2012,744621,7136949,789954,3948651,2398344,7222161,3695221,2239569,558658,580949,9032,59428,55859,58151,48945,458974,217203,744637,,,,
2012_ALASKA,ALASKA,2012,130771,2383402,352005,1507913,523484,2483320,1255757,947153,82607,145219,3131,10569,9756,9806,9696,79369,38420,131489,,,,
2012_ARIZONA,ARIZONA,2012,942738,7934798,1050228,2845535,4039035,8054662,3917564,2856528,360929,699033,9304,86265,83892,82769,81751,671982,321634,1089384,,,,
2012_ARKANSAS,ARKANSAS,2012,475671,5169926,666267,3823172,680487,5299969,2548056,1683928,277927,612420,14290,40463,36140,36607,30734,292641,138428,486157,,,,
2012_CALIFORNIA,CALIFORNIA,2012,6203034,69016392,8793325,36413273,23809794,70191877,34213049,20393761,3488344,6736656,74360,489274,468007,465967,496754,3763810,1965168,6299451,,,,
2012_COLORADO,COLORADO,2012,843120,8616009,705634,3702427,4207948,8472536,4174705,2751179,353940,697434,30375,66951,65921,62260,62503,520184,246051,863561,,,,
2012_CONNECTICUT,CONNECTICUT,2012,522451,10070907,509564,3735476,5825867,9791336,5485615,2932123,345177,637389,16393,39410,40895,42020,40743,324906,170245,550954,,,,
2012_DELAWARE,DELAWARE,2012,118624,1855867,183793,1090060,582014,1915966,1053066,531313,105134,149584,1291,10128,10089,9716,8365,79585,38022,129026,,,,
2012_DISTRICT_OF_COLUMBIA,DISTRICT_OF_COLUMBIA,2012,44618,1331006,137742,0,1193264,1189542,594156,266716,44780,283890,11428,6980,4631,4202,3317,39377,17577,76140,,,,
2012_FLORIDA,FLORIDA,2012,2658559,24139266,3068321,8702317,12368628,25352047,13558844,7607362,1622628,1837264,55124,210489,195358,204116,183193,1626947,799602,2692162,,,,
2012_GEORGIA,GEORGIA,2012,1669156,17559894,1862297,7455147,8242450,17400209,9611118,5043644,917885,1566020,45252,136837,128538,128432,101078,1040200,481043,1703332,,,,
2012_HAWAII,HAWAII,2012,182706,2535038,318728,2161254,55056,2344733,1262938,814511,143188,124096,1509,17497,14572,12791,10721,114462,51069,184760,,,,
2012_IDAHO,IDAHO,2012,267556,1981482,266087,1238989,476406,1911706,1073312,609786,102831,69239,2683,22409,21884,21670,19130,177111,82631,284834,,,,
2012_ILLINOIS,ILLINOIS,2012,2071481,29900021,2430413,10142137,17327471,29067543,14896596,9358604,956171,2032447,81475,147315,151409,152505,146273,1219411,624679,2072880,,,,
2012_INDIANA,INDIANA,2012,1006627,12395432,1096902,7462594,3835936,11351906,5659432,3670372,521782,894450,9114,80681,75678,79908,74886,635245,316329,1041369,,,,
2012_IOWA,IOWA,2012,495870,6262807,512246,2681035,3069526,6256926,3072424,1688512,242935,900591,27729,41381,35492,35694,36254,285931,144784,499825,,,,
2012_KANSAS,KANSAS,2012,485591,5613619,410051,3173205,2030363,5615714,2935226,1569972,235158,662722,18475,38379,36167,35447,32810,288797,137855,489043,,,,
2012_KENTUCKY,KENTUCKY,2012,681827,7192430,983232,3920971,2288227,7444529,3697663,2320305,448906,764062,26753,53875,50583,50259,44032,410084,193961,685167,,,,
2012_LOUISIANA,LOUISIANA,2012,665478,8477993,1527734,3588546,3361713,8504567,4365583,2793437,433580,777379,29426,58691,57434,52507,40179,436675,186111,710903,,,,
2012_MAINE,MAINE,2012,187247,2611056,239982,1012326,1358748,2625759,1376755,887596,108121,131394,4890,13727,13345,14127,14462,109307,57815,185739,,,,
2012_MARYLAND,MARYLAND,2012,853778,13752912,859635,5980541,6912736,13212140,7140620,4161605,336683,1139120,29671,66896,63703,60908,59978,506235,256836,859638,,,,
2012_MASSACHUSETTS,MASSACHUSETTS,2012,922683,15763456,979175,6200945,8583336,15696061,8801567,4642633,467588,1159931,28245,69669,70952,72048,67856,568277,287506,954773,,,,
2012_MICHIGAN,MICHIGAN,2012,1421312,18622316,1866406,9796808,6959102,18063824,9070480,5802009,862829,1200582,36769,107986,112068,117640,118564,914737,492272,1555370,,,,
2012_MINNESOTA,MINNESOTA,2012,799736,10681609,740098,6642440,3299071,10696348,5672620,2555775,826218,1034162,14695,65745,62523,62335,70510,502923,262041,845404,,,,
2012_MISSISSIPPI,MISSISSIPPI,2012,490619,4477828,795110,2195720,1486998,4423270,2291333,1449935,281636,329375,4026,43208,36663,36745,29676,304011,133809,493650,,,,
2012_MISSOURI,MISSOURI,2012,893221,10022622,994192,4115324,4913106,9910617,5056789,2994397,553027,891474,29684,71778,67493,68057,64151,546068,270370,917900,,,,
2012_MONTANA,MONTANA,2012,142237,1628318,214164,761029,653125,1652537,888206,536815,73808,117001,1321,11709,10861,10895,9784,87789,42089,142908,,,,
2012_NEBRASKA,NEBRASKA,2012,300941,3764056,366016,1166374,2231666,3880517,2247992,984922,165408,374671,13831,22095,22583,21438,23152,179506,88073,303505,,,,
2012_NEVADA,NEVADA,2012,428526,4053945,403548,2401035,1249362,4109706,2049362,1336995,159943,321145,4599,35008,33462,34192,31939,273430,131953,445707,,,,
2012_NEW_HAMPSHIRE,NEW_HAMPSHIRE,2012,190778,2963221,187243,1029325,1746653,2961684,1654634,868513,78190,160056,3260,11892,13907,14784,14600,113017,60805,188974,,,,
2012_NEW_JERSEY,NEW_JERSEY,2012,1330300,27574528,1371038,10401941,15801549,26432652,14491817,8921990,943029,940577,35128,94830,98152,100052,97048,788168,400875,1372203,,,,
2012_NEW_MEXICO,NEW_MEXICO,2012,328690,3478709,491732,2380982,605995,3616691,1688871,1097238,142740,615427,7509,27662,25474,25177,20559,205807,97242,338220,,,,
2012_NEW_YORK,NEW_YORK,2012,2644029,58981073,3769627,23314292,31897154,60216421,38431932,14662331,1490478,4094920,48712,202670,198361,200642,192112,1601541,825972,2710703,,,,
2012_NORTH_CAROLINA,NORTH_CAROLINA,2012,1462172,12788659,1831015,7648102,3309542,13418244,7521325,3817233,716796,728580,30329,121389,116264,115147,94648,928372,438375,1518465,,,,
2012_NORTH_DAKOTA,NORTH_DAKOTA,2012,97555,1345371,160050,658255,527066,1380563,685786,368323,93834,160904,1848,8578,7380,7500,7347,60569,30116,101111,,,,
2012_OHIO,OHIO,2012,1630865,22799205,2007733,9336277,11455195,22662376,10861218,7524489,924456,2416140,27558,131874,129295,133955,117623,1051867,518617,1729916,,,,
2012_OKLAHOMA,OKLAHOMA,2012,664200,5824963,773014,2869071,2182878,5594867,2736786,1898922,385999,496119,42154,55115,49274,47856,39407,397470,176812,673483,,,,
2012_OREGON,OREGON,2012,566525,6124872,550894,3038052,2535926,6314092,3250376,2057965,228474,448562,23850,42642,42401,43578,46723,342833,178239,587564,,,,
2012_PENNSYLVANIA,PENNSYLVANIA,2012,1644759,27881568,2145208,9561500,16174860,27851918,13450420,7682906,1170594,1735626,10109,129624,131315,136775,136357,1063403,557464,1763677,,,,
2012_RHODE_ISLAND,RHODE_ISLAND,2012,137400,2208278,204682,779000,1224596,2190431,1272285,727287,95213,33633,2068,10786,10831,9971,10509,84955,44672,142481,,,,
2012_SOUTH_CAROLINA,SOUTH_CAROLINA,2012,715744,7889771,848254,3586738,3454779,7948441,3749691,2489094,408649,869025,23786,58641,54058,55365,44755,444923,208648,735998,,,,
2012_SOUTH_DAKOTA,SOUTH_DAKOTA,2012,127726,1298723,212615,395054,691054,1296971,649023,379791,63166,172398,3117,11901,9657,9408,8816,78186,37267,130471,,,,
2012_TENNESSEE,TENNESSEE,2012,998638,8983224,1257953,4017946,3707325,9256522,5151260,2693334,514174,671532,27096,81186,74425,74459,66299,603243,281971,993496,,,,
2012_TEXAS,TEXAS,2012,4844744,49979753,6140296,19801928,24037529,50215314,23902458,13954303,2497013,5538370,250911,390636,378750,366857,305425,3048599,1387513,5077659,,,,
2012_UTAH,UTAH,2012,553873,4217360,426702,2158049,1632609,4330417,2161779,1052249,334499,666528,12329,50378,48362,45387,40774,381495,169077,613279,,,,
2012_VERMONT,VERMONT,2012,87968,1754161,124451,1372320,257390,1726321,904254,518561,54031,45788,5705,6273,6133,6541,6756,50089,27557,89624,,,,
2012_VIRGINIA,VIRGINIA,2012,1257332,14940479,1365551,5564504,8010424,15129464,8123166,4744530,611769,1078796,32852,96935,94005,93787,88971,759657,375975,1265419,,,,
2012_WASHINGTON,WASHINGTON,2012,1044856,11955582,1057045,7001110,3897427,12187889,5866729,3735795,524816,1552074,12466,80789,78244,79272,84981,631305,327134,1051694,,,,
2012_WEST_VIRGINIA,WEST_VIRGINIA,2012,282088,3970941,432223,2014017,1524701,3536971,1893954,1155259,220973,245082,15781,21785,20181,20521,18703,164805,80673,283044,,,,
2012_WISCONSIN,WISCONSIN,2012,863314,11139967,907311,4786356,5446300,10724377,5631108,3525882,491104,449246,55008,62422,60670,61857,67130,489324,265682,872436,,,,
2012_WYOMING,WYOMING,2012,89994,1664983,144728,851896,668359,1670728,845801,540510,53299,213245,540,8131,7127,6874,6046,56619,26243,91533,,,,
2013_ALABAMA,ALABAMA,2013,744548,7197439,811739,3898347,2487353,7487741,3747993,2317243,576737,643522,9415,59757,55719,58799,48965,458327,218705,746204,233,269,219,257
2013_ALASKA,ALASKA,2013,131091,2545117,320938,1707449,516730,2665933,1324649,982442,87165,248505,3247,10632,9722,9677,9500,78835,38230,130944,236,282,209,261
2013_ARIZONA,ARIZONA,2013,941726,8164324,1178356,2934165,4051803,7600581,3824071,2643742,368750,558466,8791,86258,84282,83849,84291,679992,327144,1102445,240,280,213,260
2013_ARKANSAS,ARKANSAS,2013,477716,5067546,572096,3847045,648405,5226339,2545564,1694335,281692,533975,14984,39900,36321,36660,31646,294621,140185,489979,240,278,219,262
2013_CALIFORNIA,CALIFORNIA,2013,6208733,68868516,7836263,35141208,25891045,69727119,34194878,20595508,3461759,6160059,75951,506831,470515,472381,498403,3771067,1952314,6312623,234,276,213,262
2013_COLORADO,COLORADO,2013,851063,8826868,696266,3693829,4436773,8699125,4292898,2773716,365228,758041,31741,67225,66140,63820,62836,528653,249380,876999,247,290,227,271
2013_CONNECTICUT,CONNECTICUT,2013,517812,10319361,434543,3870444,6014374,9758850,5562212,2966636,359881,487318,16922,38274,39810,41460,40775,321966,169038,546200,243,285,230,274
2013_DELAWARE,DELAWARE,2013,118685,1930466,151096,1124112,655258,1924626,1030897,560882,97722,157935,1413,10488,10069,9993,8536,81303,38483,131687,243,282,226,266
2013_DISTRICT_OF_COLUMBIA,DISTRICT_OF_COLUMBIA,2013,44179,1300036,129874,0,1170162,1308438,559940,332997,39825,375676,11867,7174,4826,4425,3326,41239,17717,78153,229,265,206,248
2013_FLORIDA,FLORIDA,2013,2680074,24681548,3027018,9455562,12198968,25245400,13833236,7622221,1689414,1411455,56470,209318,198411,206698,183422,1647922,807034,2720744,242,281,227,266
2013_GEORGIA,GEORGIA,2013,1682620,17459504,1805878,7580785,8072841,17317504,9555687,4956142,932291,1632844,45427,136658,129329,131295,103094,1051792,490032,1723909,240,279,222,265
2013_HAWAII,HAWAII,2013,184760,2331770,310778,1962923,58069,2345917,1283872,770643,144746,146656,1577,17561,14810,13228,10925,116670,50806,186825,243,281,215,260
2013_IDAHO,IDAHO,2013,272070,2015534,237912,1278155,499467,1967676,1113400,631575,107264,62882,4081,23396,22803,21991,21063,181856,87143,296476,241,286,219,270
2013_ILLINOIS,ILLINOIS,2013,2069823,30057886,2311235,10382540,17364111,29517831,15285224,9509657,986182,1942608,80953,145117,152779,154578,144566,1219389,621531,2066990,239,285,219,267
2013_INDIANA,INDIANA,2013,1002772,12236713,980013,7503451,3753249,11211155,5535933,3595471,527250,862576,14586,80611,77584,80754,75871,634763,316350,1047385,249,288,225,267
2013_IOWA,IOWA,2013,499489,6281345,459132,3118413,2703800,6318241,3174989,1748683,254025,783793,28075,41240,35617,36238,36258,288638,145011,502964,246,285,224,269
2013_KANSAS,KANSAS,2013,488590,5667223,420820,3193838,2052565,5621023,2969201,1595974,243032,616590,18746,38534,36435,36457,32989,294099,138847,496440,246,290,223,267
2013_KENTUCKY,KENTUCKY,2013,685009,7216175,867735,3960822,2387618,7413896,3663594,2323851,457079,729064,27142,52267,49770,50203,43732,405262,192256,677389,241,281,224,270
2013_LOUISIANA,LOUISIANA,2013,671156,8121179,1229248,3370399,3521532,7940880,3963343,2657751,436167,644212,29319,57377,56770,54842,41118,436614,188181,711491,231,273,210,257
2013_MAINE,MAINE,2013,184682,2650346,196466,1029166,1424714,2535405,1351259,867538,116847,70345,5004,13451,13550,13975,13964,108616,56924,183995,246,289,225,269
2013_MARYLAND,MARYLAND,2013,859252,13814727,828432,6093652,6892643,13284637,7303090,4243954,357919,955586,29811,67548,64629,62322,59114,515221,253589,866169,245,287,232,274
2013_MASSACHUSETTS,MASSACHUSETTS,2013,920968,16114783,818054,6428534,8868195,16201905,9097982,4759997,467050,1283156,28189,69853,70862,72116,67429,569089,287478,955739,253,301,232,277
2013_MICHIGAN,MICHIGAN,2013,1381167,18270327,1636324,9882361,6751642,17468264,8885537,5675448,848456,962506,40660,106166,113420,118440,116607,910594,487518,1548841,237,280,217,266
2013_MINNESOTA,MINNESOTA,2013,802454,10848720,646542,6792440,3409738,10942019,5826404,2652321,850969,1016760,14556,65618,63979,62899,69090,509390,261409,850973,253,295,227,271
2013_MISSISSIPPI,MISSISSIPPI,2013,492847,4444064,707522,2213501,1523041,4370050,2274357,1465175,284089,285801,4329,41948,36959,37896,29412,304829,132568,492586,231,271,209,253
2013_MISSOURI,MISSOURI,2013,897224,10103589,894168,4235564,4973857,10001763,5139610,3082015,566933,833040,30339,70845,67908,68401,63718,547877,269227,918288,240,283,222,267
2013_MONTANA,MONTANA,2013,142797,1671053,210593,788329,672131,1679521,907018,545326,74629,111496,1440,12038,11028,10635,9912,88513,42138,144129,244,289,223,272
2013_NEBRASKA,NEBRASKA,2013,303242,3870164,366241,1217306,2286617,3913038,2318463,1026626,168033,298231,14457,24025,23097,22089,22968,180640,88555,307677,243,285,223,269
2013_NEVADA,NEVADA,2013,431776,4131800,392009,2556472,1183319,4057443,2058538,1396907,166814,222161,4707,35073,33827,34541,31450,278662,132564,451831,236,278,214,262
2013_NEW_HAMPSHIRE,NEW_HAMPSHIRE,2013,187703,2976317,163890,1020089,1792338,2878534,1642945,879507,76488,72588,3464,11615,13953,14690,14140,111854,59377,186310,253,296,232,274
2013_NEW_JERSEY,NEW_JERSEY,2013,1338657,28070096,1145079,10986132,15938885,28179900,15489942,9131634,1218744,933676,36024,92017,98832,99950,95646,792008,399391,1370295,247,296,229,276
2013_NEW_MEXICO,NEW_MEXICO,2013,327209,3518621,519318,2401884,597419,3536546,1709797,1096508,145330,514077,7865,27368,25597,25062,20133,206295,97716,339244,233,273,206,256
2013_NEW_YORK,NEW_YORK,2013,2629805,59623918,3335657,23632698,32655563,60505950,38756656,14846782,1462376,3982327,48968,201930,196988,203267,190081,1607001,820326,2732770,240,282,224,266
2013_NORTH_CAROLINA,NORTH_CAROLINA,2013,1468228,12729402,1579889,7891977,3257536,13650536,7681386,3957680,744037,653058,30978,122209,108034,117965,96453,936407,441263,1530857,245,286,222,265
2013_NORTH_DAKOTA,NORTH_DAKOTA,2013,101025,1405349,145905,685348,574096,1516575,718970,400607,94995,224615,2054,8822,7824,7352,7389,62651,30420,103947,246,291,224,268
2013_OHIO,OHIO,2013,1613718,22536516,1721213,8990516,11824787,22015797,10800145,7376469,916885,1998557,28477,131003,128668,135042,114607,1049020,515611,1724111,246,290,224,269
2013_OKLAHOMA,OKLAHOMA,2013,671445,5878111,715944,2890048,2272119,5796945,2800189,1972011,404107,557341,42770,54923,49603,48583,39498,402398,179811,681848,239,276,217,262
2013_OREGON,OREGON,2013,564006,6077498,471682,3041825,2563991,6228197,3261733,2067538,228499,343353,25902,42728,42858,43522,47075,345775,178595,593000,240,284,219,268
2013_PENNSYLVANIA,PENNSYLVANIA,2013,1623694,28484645,2049113,9764558,16670974,28495118,15456205,7737010,1178563,1501024,8499,129360,132216,137287,135583,1063310,554067,1755236,244,290,226,272
2013_RHODE_ISLAND,RHODE_ISLAND,2013,136401,2282659,193393,841875,1247391,2231413,1265936,765178,96721,35089,2242,10490,11037,10293,10403,86006,43270,142008,241,284,223,267
2013_SOUTH_CAROLINA,SOUTH_CAROLINA,2013,722249,8254462,814137,3819285,3621040,8224795,3933177,2621911,426662,853410,24295,58226,54672,56762,44624,451301,211835,745657,237,280,214,261
2013_SOUTH_DAKOTA,SOUTH_DAKOTA,2013,130296,1316613,194731,408009,713873,1332496,663258,390637,64999,179586,2865,11898,9842,9531,8485,79488,36639,130890,241,287,218,268
2013_TENNESSEE,TENNESSEE,2013,992461,9008032,1165801,4097627,3744604,9248235,5191269,2780452,534815,564756,25756,78601,74401,74909,65854,605311,283888,993556,240,278,220,265
2013_TEXAS,TEXAS,2013,4897523,49734537,5695947,18873046,25165544,50674724,24226519,14150552,2585417,5472152,248150,391731,383586,379786,309069,3102385,1411436,5153702,242,288,217,264
2013_UTAH,UTAH,2013,562315,4300793,409774,2235917,1655102,4584624,2361179,1097484,309365,698249,12373,50386,49041,46409,41327,388573,174129,625461,243,284,223,270
2013_VERMONT,VERMONT,2013,89200,1817307,114697,1431621,270989,1809138,935593,538854,57026,55825,5667,6215,6159,6332,6545,49575,27233,88690,248,295,228,274
2013_VIRGINIA,VIRGINIA,2013,1264880,15322318,1108879,5874323,8339116,15634918,8445746,4874065,626080,1089417,33166,96058,95625,95778,88709,767349,377252,1273825,246,288,229,268
2013_WASHINGTON,WASHINGTON,2013,1050901,12242231,1042200,7159428,4040603,12097549,5911337,3777476,537261,1443002,11957,81559,78929,79953,84710,637352,328068,1058936,246,290,225,272
2013_WEST_VIRGINIA,WEST_VIRGINIA,2013,282310,3486366,383169,2027414,1075783,3488877,1828234,1130079,225073,284685,15472,21541,20418,20634,18299,163988,79957,280958,237,274,215,257
2013_WISCONSIN,WISCONSIN,2013,863737,11097447,827432,5587013,4683002,10845059,5637545,3551036,496850,521352,56777,61522,61393,62721,66346,491376,264739,874414,245,289,221,268
2013_WYOMING,WYOMING,2013,91533,1695967,113501,881114,701352,1675477,846872,546422,52001,213920,514,8141,7086,6867,6176,57628,26449,92732,247,288,226,271
2014_ALABAMA,ALABAMA,2014,740081,7357267,794090,4031547,2531630,7587737,3824295,2390530,587642,580934,11076,57939,55479,57471,49929,454081,221068,744164,,,,
2014_ALASKA,ALASKA,2014,130539,2663647,309525,1824373,529749,2727056,1346457,982843,86314,269107,3074,10559,9812,9653,9671,79112,38431,131176,,,,
2014_ARIZONA,ARIZONA,2014,943937,8361708,1102980,3182285,4076443,8109460,3902565,2858103,461316,678228,8839,83241,85535,84596,84913,687823,331552,1111695,,,,
2014_ARKANSAS,ARKANSAS,2014,479881,5193218,552738,4006889,633591,5242672,2609867,1753929,282078,424314,14834,38503,35922,36788,32428,295622,141653,490917,,,,
2014_CALIFORNIA,CALIFORNIA,2014,6224685,72389126,7415061,38410554,26563511,72506810,35539425,21594573,3581789,6124103,76641,511985,475192,467038,496901,3767745,1949755,6312161,,,,
2014_COLORADO,COLORADO,2014,865231,9162406,681230,3961719,4519457,9286626,4470568,3002964,373620,932776,31663,66068,66809,65116,63001,536632,254643,889006,,,,
2014_CONNECTICUT,CONNECTICUT,2014,511082,10743919,420593,4141590,6181736,10201500,5889381,3128453,343615,447290,17987,37654,39699,41165,40018,319247,167790,542678,,,,
2014_DELAWARE,DELAWARE,2014,120623,1954374,133055,1137764,683555,1988535,1050647,582448,103583,171618,1520,10205,10278,10035,8688,82971,39346,134042,,,,
2014_DISTRICT_OF_COLUMBIA,DISTRICT_OF_COLUMBIA,2014,44942,1342220,134959,0,1207261,1313289,503349,375966,34409,399565,12049,7273,5264,4525,3421,43084,17634,80958,,,,
2014_FLORIDA,FLORIDA,2014,2708022,26077462,3112027,10460928,12504507,26523658,14542370,7948773,1788820,1468023,58613,204552,202424,210397,189545,1670530,823249,2756944,,,,
2014_GEORGIA,GEORGIA,2014,1699185,17821620,1804212,7837335,8180073,17668352,9635641,5197804,967343,1642099,46150,133616,131377,133128,106405,1063066,501605,1744437,,,,
2014_HAWAII,HAWAII,2014,186825,2696766,286988,2354601,55177,2504144,1386369,798677,145898,173200,1489,11661,15221,12587,10644,117974,50925,182384,,,,
2014_IDAHO,IDAHO,2014,281452,2084970,232593,1319582,532795,2012852,1108768,650395,109175,91323,2597,21509,22799,22407,19879,181354,85232,290885,,,,
2014_ILLINOIS,ILLINOIS,2014,2060632,31085621,2301827,11163462,17620332,31080869,16323537,10012961,975999,1999969,79349,139729,149399,153054,147588,1209886,621275,2050239,,,,
2014_INDIANA,INDIANA,2014,1007121,12399402,933891,7632238,3833273,11136045,5513142,3641179,526178,889924,16206,78861,75552,82669,74952,633508,316465,1046269,,,,
2014_IOWA,IOWA,2014,501763,6455928,455586,3247115,2753227,6541553,3266694,1853835,259833,801317,28884,39923,36072,35827,36091,290642,145862,505311,,,,
2014_KANSAS,KANSAS,2014,496034,5813985,419415,3265012,2129558,5957954,3033016,1657449,246811,813093,19104,37524,36435,36140,32731,294230,140324,497275,,,,
2014_KENTUCKY,KENTUCKY,2014,686789,7229857,825742,3966872,2437243,7346219,3659917,2345545,454067,620745,27345,51876,50300,51246,43862,412196,196733,688640,,,,
2014_LOUISIANA,LOUISIANA,2014,665441,8352703,1272004,3455315,3625384,8140649,4026042,2731011,409510,706668,28200,56119,54030,52835,40610,437690,194791,716800,,,,
2014_MAINE,MAINE,2014,178709,2675648,182961,1032280,1460407,2550302,1369822,886844,109348,66571,5038,13274,13488,13805,13777,107797,56361,182470,,,,
2014_MARYLAND,MARYLAND,2014,865768,13982544,816033,6186736,6979775,13712839,7475952,4303895,367048,1131199,30385,66200,65382,61747,58624,523857,254072,874514,,,,
2014_MASSACHUSETTS,MASSACHUSETTS,2014,920558,16609204,791029,6587492,9230683,16518383,9407351,4969348,488065,1028761,28375,67670,69922,72190,68038,569677,288934,955844,,,,
2014_MICHIGAN,MICHIGAN,2014,1363533,18457253,1563397,10073758,6820098,17358365,8858564,5735894,831071,856907,44607,105582,110135,116804,116032,898924,484956,1537922,,,,
2014_MINNESOTA,MINNESOTA,2014,804580,11168633,630445,7603409,2934779,11300786,5986788,2803239,880403,1069928,14977,64454,63781,63805,69615,514730,263074,857235,,,,
2014_MISSISSIPPI,MISSISSIPPI,2014,492421,4480105,664697,2243098,1572310,4463078,2279076,1521319,287150,316494,4409,40543,36620,36791,28980,303333,134857,490917,,,,
2014_MISSOURI,MISSOURI,2014,892992,10256615,895743,4267069,5093803,10324249,5243167,3183894,577580,919482,31153,68753,68210,67879,63388,548958,268921,917785,,,,
2014_MONTANA,MONTANA,2014,144034,1729712,201528,822788,705396,1754324,949120,570780,77193,121753,1229,11682,11044,10807,9825,89805,41816,144532,,,,
2014_NEBRASKA,NEBRASKA,2014,307398,4005091,318179,1283012,2403900,4008633,2371149,1059275,175887,307828,15253,23951,22921,22374,23051,183467,89964,312635,,,,
2014_NEVADA,NEVADA,2014,435765,4203255,381596,2651854,1169805,4043820,2104452,1413964,170754,161354,5230,33942,34993,35318,31892,284442,134640,459189,,,,
2014_NEW_HAMPSHIRE,NEW_HAMPSHIRE,2014,184846,3042994,161989,1003995,1877010,2960615,1682021,913353,75750,87603,3639,11580,13590,14423,13856,110626,58807,184670,,,,
2014_NEW_JERSEY,NEW_JERSEY,2014,1335350,28454548,1142878,11047025,16264645,27742203,14956606,9205196,1273398,895858,55106,92560,97428,99751,95666,792613,401874,1400579,,,,
2014_NEW_MEXICO,NEW_MEXICO,2014,326637,3601387,466320,2505492,629575,3576216,1709599,1088329,147184,562323,8004,26660,25641,25272,21147,206441,99260,340365,,,,
2014_NEW_YORK,NEW_YORK,2014,2619312,61337112,3347393,24830862,33158857,62556193,40168920,15381372,1515933,4060304,57353,200507,197545,200384,190387,1607983,827493,2741185,,,,
2014_NORTH_CAROLINA,NORTH_CAROLINA,2014,1441391,13462754,1529624,7849343,4083787,13540706,7573296,4015292,747335,609013,31550,119730,115539,119636,97257,941088,454963,1548895,,,,
2014_NORTH_DAKOTA,NORTH_DAKOTA,2014,103272,1568997,155894,901032,512071,1597210,758669,422005,100586,239992,2063,9031,7995,7652,7471,65071,30421,106586,,,,
2014_OHIO,OHIO,2014,1601566,23297509,1692769,9492461,12112279,21847582,11350255,7111920,898844,1546152,31135,129013,125215,134275,115962,1044724,519938,1724810,,,,
2014_OKLAHOMA,OKLAHOMA,2014,670069,6034336,690122,2983860,2360354,6026661,2833650,2033459,404999,687788,42218,55134,47577,48487,40729,405206,184170,688511,,,,
2014_OREGON,OREGON,2014,566538,6621363,521463,3393147,2706753,6453635,3437466,2151154,242975,311077,30461,41645,42942,43521,47566,349455,179757,601318,,,,
2014_PENNSYLVANIA,PENNSYLVANIA,2014,1605292,29068069,1812609,10272392,16983068,28620630,15352999,7889064,1163079,1566997,8106,127398,129927,135683,131694,1058258,549398,1743160,,,,
2014_RHODE_ISLAND,RHODE_ISLAND,2014,135084,2313010,186551,867512,1258947,2258076,1277445,782773,92710,37897,2369,9885,10720,10899,10578,86813,42892,141959,,,,
2014_SOUTH_CAROLINA,SOUTH_CAROLINA,2014,729386,8417698,812536,3902923,3702239,8452743,4035914,2747427,430577,862750,24274,58282,55741,57025,45619,457244,216723,756523,,,,
2014_SOUTH_DAKOTA,SOUTH_DAKOTA,2014,130653,1345549,186216,413544,745789,1355439,696235,413254,68154,146035,2787,11768,10366,9441,8674,81184,37301,133040,,,,
2014_TENNESSEE,TENNESSEE,2014,992583,9237782,1095377,4315952,3826453,9432883,5296570,2805578,536241,549104,25912,74960,75248,74883,66972,606195,288408,995475,,,,
2014_TEXAS,TEXAS,2014,4949469,52776853,5643178,20510815,26622860,53096761,25364709,14803918,2682490,5766846,241826,390552,390570,388428,314039,3150946,1450441,5233765,,,,
2014_UTAH,UTAH,2014,570423,4405929,385210,2363055,1657664,4385896,2336613,1139969,302794,490911,13142,48841,49173,46969,42163,394684,178910,635577,,,,
2014_VERMONT,VERMONT,2014,87990,1895044,102434,1495453,297157,1876197,955495,553032,59714,56780,5984,5768,6211,6268,6417,49221,26338,87311,,,,
2014_VIRGINIA,VIRGINIA,2014,1273211,15347862,1009659,5994897,8343306,15690444,8464947,4964725,619387,1041633,32839,93758,95200,95558,88256,771091,382598,1280381,,,,
2014_WASHINGTON,WASHINGTON,2014,1057773,13040197,1030232,7833024,4176941,12806300,6267816,4035948,549588,1525815,12663,81212,79721,80391,87206,646445,333318,1073638,,,,
2014_WEST_VIRGINIA,WEST_VIRGINIA,2014,280265,3514889,351957,2033948,1128984,3499873,1823665,1147776,222824,286099,15253,20860,20196,20501,18239,163654,80543,280310,,,,
2014_WISCONSIN,WISCONSIN,2014,865119,11330253,830568,5709579,4790106,11255186,5685955,3616770,498431,767074,55831,60424,60795,62034,65954,490627,264550,871432,,,,
2014_WYOMING,WYOMING,2014,92732,1772633,112709,965213,694711,1775999,865932,555761,50715,287977,564,7997,7438,6927,6133,58774,26732,94067,,,,
2015_ALABAMA,ALABAMA,2015,734974,7360222,795238,4080167,2484817,7501799,3817479,2414860,594283,510091,13230,55613,55808,55792,50668,452764,222182,743789,231,267,217,259
2015_ALASKA,ALASKA,2015,130755,2920986,344111,2026555,550320,2968341,1484610,1068849,92766,281914,3369,10409,10118,9400,9651,80011,38688,132477,236,280,213,260
2015_ARIZONA,ARIZONA,2015,944978,8230507,1093834,3232013,3904660,7902600,3846357,2880184,478876,497662,8747,79396,86594,84084,84854,687144,333579,1109040,238,283,215,263
2015_ARKANSAS,ARKANSAS,2015,479682,5308625,581412,4075118,652095,5350543,2620399,1772639,290396,511556,16083,37509,35893,36882,32385,296050,142242,492132,235,275,218,259
2015_CALIFORNIA,CALIFORNIA,2015,6226523,78248042,7556365,42360470,28331207,78365958,38951948,23501848,3754315,6373893,,530531,485885,465322,492835,3748465,1941009,6226737,232,275,213,259
2015_COLORADO,COLORADO,2015,872320,9648297,715254,4354525,4578518,9557682,4578938,3170482,397263,923360,32224,64631,68176,65957,65317,541348,260909,899112,242,286,224,268
2015_CONNECTICUT,CONNECTICUT,2015,505366,11099837,444073,4353546,6302218,10542667,6006275,3233901,362941,530491,18385,36641,39077,40320,40321,315851,167056,537933,240,284,229,273
2015_DELAWARE,DELAWARE,2015,121845,2017075,137544,1142333,737198,1975093,1072395,583951,122741,103129,1553,10040,10533,10090,8782,83409,39845,134847,239,280,224,263
2015_DISTRICT_OF_COLUMBIA,DISTRICT_OF_COLUMBIA,2015,46155,1382282,146366,0,1235916,1360942,557345,379854,41841,381902,12316,7319,5701,4430,3867,44996,18884,84024,231,263,212,248
2015_FLORIDA,FLORIDA,2015,2743641,26971491,3118041,10661586,13191864,27277049,14931173,8186082,1816178,1681665,60122,199514,215435,206785,192877,1692825,839773,2792234,243,275,227,263
2015_GEORGIA,GEORGIA,2015,1717805,18584666,1831221,8310872,8442573,18501103,10081483,5324072,996277,1879063,46685,128788,134343,131509,109345,1067899,513865,1757237,236,279,222,262
2015_HAWAII,HAWAII,2015,182384,2703683,259390,2381547,62746,2521004,1377713,835930,145560,161801,1586,14860,15196,13129,10741,114924,50219,181995,238,279,215,257
2015_IDAHO,IDAHO,2015,274131,2167967,232449,1381205,554313,2029520,1130814,663005,108684,75680,2549,20988,22812,22350,20087,182320,86334,292277,239,284,222,269
2015_ILLINOIS,ILLINOIS,2015,2047123,32096832,2262192,11858968,17975672,32410033,17313173,10279691,992075,2056951,87589,135924,149373,150193,147993,1198970,619292,2041779,237,282,222,267
2015_INDIANA,INDIANA,2015,1004215,12456571,929878,7676341,3850352,11378564,5537406,3712136,547516,948358,18529,77044,77751,79198,74952,628889,321313,1046757,248,287,227,268
2015_IOWA,IOWA,2015,505311,6714410,458457,3460798,2795155,6772654,3383909,1912222,262267,842674,28971,39218,37030,35965,36387,293017,146808,508014,243,286,224,268
2015_KANSAS,KANSAS,2015,496920,5991731,475273,3967809,1548649,6175724,3051755,1692953,250584,963767,18773,36975,36928,35694,33667,293540,141615,495884,241,284,221,267
2015_KENTUCKY,KENTUCKY,2015,688475,7548871,848963,4176753,2523155,7554887,3807748,2417226,468694,600859,27144,49463,51339,49774,44659,410676,198820,686598,242,278,228,268
2015_LOUISIANA,LOUISIANA,2015,661015,8448743,1235580,3480365,3732798,8437263,4100906,2774314,416066,780338,28444,53716,54294,52480,41790,437974,198577,718711,234,268,216,255
2015_MAINE,MAINE,2015,176176,2739589,183883,1060925,1494781,2596180,1406898,910381,109541,55686,5396,12835,13311,13544,14028,107109,56273,181613,242,285,224,268
2015_MARYLAND,MARYLAND,2015,874108,14491642,819162,6267624,7404856,13882823,7686024,4358416,386104,1050651,31034,64930,66910,63777,58493,530541,253096,879601,239,283,223,268
2015_MASSACHUSETTS,MASSACHUSETTS,2015,916130,16985185,778939,6808436,9397810,16972319,9774884,5043032,497880,1034539,29297,66142,70892,72176,70997,571237,294897,964026,251,297,235,274
2015_MICHIGAN,MICHIGAN,2015,1345009,19025996,1582706,10510346,6932944,17742903,9040821,5839572,831874,967476,48961,113090,111267,113640,114700,887682,482540,1536231,236,278,216,264
2015_MINNESOTA,MINNESOTA,2015,807044,11684249,629909,7567199,3487141,11969872,6257807,2933999,893322,1328863,15443,63591,65362,63075,69441,519641,265709,864384,250,294,223,270
2015_MISSISSIPPI,MISSISSIPPI,2015,490189,4592343,672366,2324855,1595122,4624539,2350872,1525340,285117,407791,4867,37573,36092,35922,29561,301491,135375,487200,234,271,214,252
2015_MISSOURI,MISSOURI,2015,892779,10623391,948600,4441091,5233700,10540353,5387766,3266781,615166,869078,33360,67126,69134,67126,64475,549399,269349,919234,239,281,223,267
2015_MONTANA,MONTANA,2015,144447,1804339,214980,851068,738291,1804841,940488,581694,80426,160885,1158,11502,11659,10967,9756,90837,41822,145319,241,287,225,270
2015_NEBRASKA,NEBRASKA,2015,312281,4248695,344382,1350116,2554197,4283846,2446701,1102622,183067,449287,15665,23374,23366,22656,23549,185325,91650,316014,244,286,227,269
2015_NEVADA,NEVADA,2015,438948,4345419,395630,2744606,1205183,4183085,2170424,1459504,174388,205794,5554,34495,36474,35802,32122,289732,136906,467527,234,275,214,259
2015_NEW_HAMPSHIRE,NEW_HAMPSHIRE,2015,183039,3093061,164905,1000063,1928093,3044720,1697165,938368,75581,125475,3743,11192,13639,14319,13947,109370,58107,182425,249,294,232,275
2015_NEW_JERSEY,NEW_JERSEY,2015,1339230,29335237,1154004,11423305,16757928,28809725,15339450,9414336,1271558,1290946,63284,91870,98565,98128,97602,790025,402208,1408845,245,293,229,271
2015_NEW_MEXICO,NEW_MEXICO,2015,326297,3789651,499789,2595682,694180,3846641,1773801,1256303,154435,587243,8509,24696,25681,24957,21106,205691,96798,335694,231,271,207,253
2015_NEW_YORK,NEW_YORK,2015,2631532,63712218,2869847,25900858,34941513,65094591,41954260,15714795,1540851,4536014,50430,198024,199866,197997,189562,1601015,820402,2711626,237,280,223,263
2015_NORTH_CAROLINA,NORTH_CAROLINA,2015,1465031,13146934,1589570,8172685,3384679,14060699,7960222,4082387,746694,698847,18565,116324,118617,117902,99258,945647,462874,1544934,244,281,226,261
2015_NORTH_DAKOTA,NORTH_DAKOTA,2015,106061,1644533,158373,942772,543388,1804762,825445,483984,110836,303053,2213,8929,8435,7735,7459,66827,30675,108644,245,288,225,267
2015_OHIO,OHIO,2015,1600222,24378660,1676820,10169760,12532080,22561728,11620080,7324444,922732,1750785,33118,124097,127995,131692,119952,1037775,521595,1716585,244,285,225,266
2015_OKLAHOMA,OKLAHOMA,2015,671715,6121188,688990,2993050,2439148,6184819,3000894,2041507,414086,663768,41660,53462,50354,48858,42088,409036,187118,692878,240,275,222,263
2015_OREGON,OREGON,2015,570376,7111710,577106,3678001,2856603,7011609,3650855,2272382,249968,477516,,41625,44558,43067,48735,353184,181598,576407,238,283,220,268
2015_PENNSYLVANIA,PENNSYLVANIA,2015,1589429,29967185,1857885,10532452,17576848,29690645,16058338,8196747,1050310,1663209,8201,120874,130671,131505,129921,1047793,540546,1717414,243,284,227,269
2015_RHODE_ISLAND,RHODE_ISLAND,2015,134574,2367068,184718,908963,1273387,2326473,1322055,792525,90209,50889,2450,9897,10900,10945,10752,86796,42871,142014,238,281,225,265
2015_SOUTH_CAROLINA,SOUTH_CAROLINA,2015,737401,8759944,836137,4094766,3829041,8783362,4123140,2893109,447019,928112,24654,55389,57740,56150,46909,462710,220780,763533,237,276,218,260
2015_SOUTH_DAKOTA,SOUTH_DAKOTA,2015,132836,1415149,206853,425614,782682,1464781,709363,426257,70128,222592,3112,11552,10460,9549,8616,82347,37242,134253,240,285,220,267
2015_TENNESSEE,TENNESSEE,2015,994530,9455920,1122775,4385403,3947742,9562527,5343272,2862499,560697,553396,30352,74240,76904,73899,68585,604802,291841,1001235,241,278,219,265
2015_TEXAS,TEXAS,2015,5004866,55582029,5830972,20967429,28783628,56255791,26745844,15145619,2783770,6765205,243496,376824,397085,386627,323708,3188705,1492452,5301477,244,284,218,261
2015_UTAH,UTAH,2015,573913,4705084,400213,2487937,1816934,4537962,2367650,1166728,271400,606254,13838,48293,50918,47904,43828,401436,184303,647870,243,286,226,269
2015_VERMONT,VERMONT,2015,85184,1996795,105333,1546600,344862,1969415,983532,566649,61871,58856,7279,5863,5975,6173,6271,48722,26002,87866,243,290,230,274
2015_VIRGINIA,VIRGINIA,2015,1279867,15857524,1012205,6240349,8604970,16113212,8755896,5075509,627473,1086722,33453,90942,96851,95221,90391,772414,386781,1283590,247,288,229,267
2015_WASHINGTON,WASHINGTON,2015,1072359,13709442,1036422,8293812,4379208,13630138,6508964,4510672,546926,1601069,13733,79692,82404,79483,89258,656797,336808,1087030,245,287,226,267
2015_WEST_VIRGINIA,WEST_VIRGINIA,2015,279565,3478401,362959,1979466,1135976,3466981,1819903,1161944,233836,232738,15077,20163,19814,20426,18432,162070,80142,277452,235,271,216,260
2015_WISCONSIN,WISCONSIN,2015,861813,11637376,814385,5869265,4953726,11553677,5723474,3691809,513402,894823,55907,58078,60999,61084,66253,489919,263896,867800,243,289,223,270
2015_WYOMING,WYOMING,2015,93867,1962874,120290,1116917,725667,1942406,895910,565489,52520,409425,509,7841,7551,6902,6299,59453,26914,94717,247,287,228,269
2016_ALABAMA,ALABAMA,2016,734652,7498567,797631,4097696,2603240,7708845,3865453,2439634,602452,610743,14755,55474,57945,55055,52320,452063,222638,744930,,,,
2016_ALASKA,ALASKA,2016,132477,2494691,307320,1613675,573696,2623014,1251738,983877,91536,255041,3246,10274,10320,9410,9740,80644,38573,132737,,,,
2016_ARIZONA,ARIZONA,2016,938274,8503034,1160908,3440726,3901400,7987011,3872250,2913176,490641,528694,9704,79760,89184,86312,86960,694046,339195,1123137,,,,
2016_ARKANSAS,ARKANSAS,2016,479177,5401016,593656,4122377,684983,5434193,2658253,1802769,289916,518181,16181,36917,38598,36351,32881,297045,143085,493447,,,,
2016_CALIFORNIA,CALIFORNIA,2016,6217031,89217262,7709079,50904567,30603616,85320133,42587272,26058021,3995951,6786142,80903,535379,471141,472340,484169,3747077,1939323,6309138,,,,
2016_COLORADO,COLORADO,2016,880678,10123271,713914,4365019,5044338,9878524,4786838,3333043,399899,880204,32452,64011,69376,67659,66244,543056,265500,905019,,,,
2016_CONNECTICUT,CONNECTICUT,2016,499494,11419673,468595,4411204,6539874,10826431,6110631,3307162,380996,620905,18536,36621,39859,41128,40831,313686,166275,535118,,,,
2016_DELAWARE,DELAWARE,2016,121225,2043577,134412,1172219,736946,2041952,1126775,588181,130187,104579,1761,9894,10612,10299,9001,84105,40504,136264,,,,
2016_DISTRICT_OF_COLUMBIA,DISTRICT_OF_COLUMBIA,2016,48336,1329719,154922,0,1174797,1322563,594396,369131,43753,315283,12544,7574,6295,4557,3800,46680,19052,85850,,,,
2016_FLORIDA,FLORIDA,2016,2776933,28125598,3147329,10963807,14014462,27945116,15212112,8286140,1841593,1983363,60332,201060,212595,208336,197881,1707618,847781,2816791,,,,
2016_GEORGIA,GEORGIA,2016,1727085,19403453,1807371,8771192,8824890,19158388,10534931,5554271,1029127,1834767,47430,127056,137963,130777,111538,1071088,518772,1764346,,,,
2016_HAWAII,HAWAII,2016,181995,3030519,261131,2710361,59027,2733094,1468044,901508,146892,216650,1648,14652,15459,13091,10574,114606,50216,181550,,,,
2016_IDAHO,IDAHO,2016,274849,2266490,240322,1454830,571338,2100980,1171313,689190,111297,74932,2536,21085,23765,22818,21084,184940,88576,297200,,,,
2016_ILLINOIS,ILLINOIS,2016,2030717,32908958,2331724,12053316,18523918,33037244,17804976,10426170,992684,2015647,85018,134735,151903,150595,148457,1188945,618016,2026718,,,,
2016_INDIANA,INDIANA,2016,1002696,12732161,954837,7780711,3996613,11535287,5730602,3663349,565820,986746,18882,76874,78034,78029,77503,628775,323736,1049547,,,,
2016_IOWA,IOWA,2016,508014,6919477,464852,3583134,2871491,6972412,3447707,1978260,268349,889597,29307,38178,37830,36538,36567,295181,147165,509831,,,,
2016_KANSAS,KANSAS,2016,495545,6069563,453922,3949517,1666124,6134836,3006786,1685306,249622,964098,19302,35750,37692,35948,33784,293687,141881,494347,,,,
2016_KENTUCKY,KENTUCKY,2016,686440,7745928,880296,4269100,2596532,7786281,3917968,2425472,490641,736079,26902,48888,52487,50098,44668,409089,198579,684017,,,,
2016_LOUISIANA,LOUISIANA,2016,660561,8397136,1021465,3480353,3895318,8248660,4095916,2789031,421043,577609,27974,53103,56267,51612,42432,435129,200087,716293,,,,
2016_MAINE,MAINE,2016,179879,2845391,185803,1074641,1584947,2706103,1437164,938187,116281,95951,5437,12650,13561,13500,13868,106851,55574,180512,,,,
2016_MARYLAND,MARYLAND,2016,879196,14409321,823599,6334951,7250771,13992191,7779504,4338868,397653,1055665,30945,64472,69182,64522,58303,535023,255781,886221,,,,
2016_MASSACHUSETTS,MASSACHUSETTS,2016,921029,17484704,765043,6770086,9949575,17037880,9991819,4970289,504388,945525,29633,66249,72481,72576,71002,570604,295336,964514,,,,
2016_MICHIGAN,MICHIGAN,2016,1335713,19416061,1552824,10727785,7135452,18001445,9113469,5899097,847846,1062838,48416,115715,111742,113678,115605,880590,479976,1528666,,,,
2016_MINNESOTA,MINNESOTA,2016,811157,12186135,634332,7887346,3664457,12848946,6548885,3016934,954208,1743709,18960,63295,67087,64856,70215,524829,267937,875021,,,,
2016_MISSISSIPPI,MISSISSIPPI,2016,486245,4755399,690724,2411621,1653054,4631356,2407637,1551274,287245,335067,5361,36652,39282,35049,29717,298563,134814,483150,,,,
2016_MISSOURI,MISSOURI,2016,891554,10893231,924655,4568867,5399709,10719882,5488433,3298811,630287,890008,31808,66052,70736,67278,63744,549447,267733,915040,,,,
2016_MONTANA,MONTANA,2016,145240,1800909,220340,840804,739765,1879789,973199,599074,85351,179414,1066,11678,11687,11044,9819,91593,42038,146375,,,,
2016_NEBRASKA,NEBRASKA,2016,315542,4398811,346826,1437048,2614937,4640422,2526973,1149107,206577,641968,16467,22283,22378,23178,23597,187301,93143,319194,,,,
2016_NEVADA,NEVADA,2016,441623,4482886,401323,2816911,1264652,4374249,2288790,1505591,184055,224494,5426,34626,38160,35895,32940,293071,139723,473744,,,,
2016_NEW_HAMPSHIRE,NEW_HAMPSHIRE,2016,179682,3150473,169166,1004753,1976554,3124778,1743022,959654,76229,137180,3965,11430,13644,14167,13502,108207,57280,180888,,,,
2016_NEW_JERSEY,NEW_JERSEY,2016,1364473,30012666,1187430,11681799,17143437,29665476,15831343,9549742,1375737,1414861,62149,91197,101704,100200,98490,794477,402880,1410421,,,,
2016_NEW_MEXICO,NEW_MEXICO,2016,319861,3765069,506995,2591444,666630,3729397,1733158,1212080,156882,551143,7430,24301,26358,24901,21423,204676,99856,336263,,,,
2016_NEW_YORK,NEW_YORK,2016,2590945,66912661,3369803,27437593,36105265,68282026,43964520,15883500,1599317,4656189,65600,194163,203159,200060,193375,1603446,818799,2729776,,,,
2016_NORTH_CAROLINA,NORTH_CAROLINA,2016,1462036,13448045,1557900,8287126,3603019,14207389,8060544,4102549,754102,912783,18782,114414,122411,118048,102028,947000,468113,1550062,,,,
2016_NORTH_DAKOTA,NORTH_DAKOTA,2016,108384,1788749,155453,985365,647931,1963630,867650,474679,117979,412047,2665,8843,8678,7938,7376,67741,30457,109706,,,,
2016_OHIO,OHIO,2016,1595024,23766529,1680983,9277802,12807744,23352516,12247509,7357292,956321,1854842,36148,122516,129706,131039,121467,1031694,519785,1710143,,,,
2016_OKLAHOMA,OKLAHOMA,2016,672777,6103728,689756,2909651,2504321,6184152,3047217,2011100,416151,641979,41249,52194,52289,49235,42672,409754,189045,693903,,,,
2016_OREGON,OREGON,2016,574252,7418055,582560,3861438,2974057,7501954,3834741,2367410,255562,686104,,41796,46094,43950,47459,356642,180509,578947,,,,
2016_PENNSYLVANIA,PENNSYLVANIA,2016,1572593,31077289,1904293,11181046,17991950,30925177,16717308,8464573,1079198,1793713,7859,122763,133723,133577,132246,1053049,543826,1727497,,,,
2016_RHODE_ISLAND,RHODE_ISLAND,2016,133856,2401541,175379,940989,1285173,2358654,1340088,811796,90433,45441,2498,10059,11055,10839,10044,86314,43279,142150,,,,
2016_SOUTH_CAROLINA,SOUTH_CAROLINA,2016,743320,9161667,840786,4262164,4058717,9187299,4274682,3013294,458918,1073334,25613,55424,60797,56176,48257,466891,223322,771250,,,,
2016_SOUTH_DAKOTA,SOUTH_DAKOTA,2016,134045,1455737,196644,438629,820464,1475864,730176,440580,78149,192504,3290,11643,10866,9728,8708,83779,37590,136302,,,,
2016_TENNESSEE,TENNESSEE,2016,999265,9585331,1095415,4395757,4094159,9680512,5401812,2915193,569611,553997,27987,74667,78472,73711,68852,605373,293535,1001562,,,,
2016_TEXAS,TEXAS,2016,5053291,58284155,5953348,22004299,30326508,59314884,27862199,15169007,2855527,8332612,248116,372019,411117,392421,332969,3215536,1525178,5360849,,,,
2016_UTAH,UTAH,2016,580215,4952923,394060,2533573,2025290,4923657,2591600,1217100,286744,707988,15280,48264,52802,49498,45277,407669,188588,659801,,,,
2016_VERMONT,VERMONT,2016,87974,2112365,111891,1614518,385956,2082696,1013209,583178,56289,42911,8498,5822,6194,6117,6187,48535,25573,88428,,,,
2016_VIRGINIA,VIRGINIA,2016,1283493,16259274,1058146,6297587,8903541,16497520,8944614,5164699,643506,1161323,33281,90800,99258,95234,90500,773615,389330,1287026,,,,
2016_WASHINGTON,WASHINGTON,2016,1083973,14964364,1097684,9211201,4655479,15253296,7087365,4904575,577606,2204059,13933,81102,86114,81039,90645,667327,339349,1101711,,,,
2016_WEST_VIRGINIA,WEST_VIRGINIA,2016,276764,3391579,358068,1863062,1170449,3366566,1804235,1127255,236487,181392,14949,19869,20324,19931,18155,159595,79442,273855,,,,
2016_WISCONSIN,WISCONSIN,2016,857736,11697466,782610,5986763,4928093,11787535,5760418,3691439,508013,1082849,55436,57332,62408,61432,66303,488983,262681,864432,,,,
2016_WYOMING,WYOMING,2016,94511,2044669,123012,1175899,745758,2034229,921494,585700,53570,454302,664,7584,7642,7135,6262,58998,26924,94170,,,,