Year,State,TOTAL_REVENUE,TOTAL_EXPENDITURE,GRADES_PK_G,GRADES_KG_G,GRADES_4_G,GRADES_8_G,GRADES_12_G,GRADES_1_8_G,GRADES_9_12_G,GRADES_ALL_G,Homeless_Count
2007,AK,1800616,1938755,1679,9625,9420,9953,10092,77676,42049,131029,7124
2007,AL,7069040,7196459,3592,55972,57795,58792,46200,466414,216941,742919,23794
2007,AR,4415981,4779308,12795,38192,35710,35944,30708,288518,138921,479016,17048
2007,AZ,8724434,8709531,15854,86742,82876,81196,76275,668290,316376,1087447,64192
2007,CA,72516936,73225422,68002,454743,467305,490054,468281,3801685,2011865,6343471,636626
2007,CO,7689014,8039146,25649,61576,59449,58396,55334,478501,236141,801867,61000
2007,CT,8913149,8685421,14180,39889,42488,43670,40927,339965,176592,570626,19974
2007,DC,1148358,1140506,7146,5306,4807,5182,4002,40295,20242,78422,24800
2007,DE,1694929,1705204,583,8817,9085,10176,7681,75619,37555,122574,4544
2007,FL,28898362,29849892,46917,197467,195859,193970,169832,1611475,810952,2666811,207202
2007,GA,17755989,17389530,39908,129791,125404,124544,95443,1008878,471012,1649589,83524
2007,HI,2985593,2199604,1531,15042,13652,13420,11234,108882,54246,179897,25836
2007,IA,5194536,5198975,12487,37819,34590,36040,39114,279198,155611,485115,11550
2007,ID,2011951,1960472,2880,21295,20658,20557,18598,166996,80948,272119,7186
2007,IL,23897153,23401917,77843,145755,152895,161310,144342,1249311,639896,2112805,67310
2007,IN,10458932,11462062,10755,75445,78204,80850,71755,643350,317214,1046764,30820
2007,KS,5038100,4823931,13477,35471,34383,34572,33149,276250,140893,468295,7968
2007,KY,6226696,6351636,17985,49986,49250,49723,41958,401215,196772,666225,33392
2007,LA,7048732,6657341,26631,53062,56201,51355,37806,419856,181489,681038,23100
2007,MA,14407777,14315518,25853,67900,71443,73318,68757,572523,296032,962958,66088
2007,MD,11674965,11541225,27179,59455,60281,65088,61767,489845,269221,845700,41612
2007,ME,2538161,2501127,2635,13710,14238,15334,16322,114397,65503,196245,10746
2007,MI,20576110,19839838,27207,125592,118931,126608,126380,970882,549291,1692739,118612
2007,MN,9693509,10030105,12795,60140,59431,63189,74749,485245,279398,837578,32120
2007,MO,8908844,9245525,22691,67314,67996,68636,65443,541741,285442,917188,28224
2007,MS,4220926,4158733,2805,38662,37274,37948,27688,306944,137033,494122,6694
2007,MT,1474306,1442434,539,10601,10503,11180,11057,85165,46448,142823,4766
2007,NC,13063307,12794086,16927,120998,115076,114543,85893,934399,417168,1489492,50498
2007,ND,1045678,1042175,909,6730,6935,7472,7662,55853,31567,95059,2704
2007,NE,3234014,3117931,10091,22588,20519,21047,22400,167416,91149,291244,15694
2007,NH,2600123,2608190,2614,10489,15026,16218,15959,121256,66413,200772,9726
2007,NJ,25293076,25572112,28540,91115,98195,100884,97078,794703,411332,1382348,74306
2007,NM,3272953,3279467,5378,25796,24452,25063,19594,198544,99322,329040,13482
2007,NV,4006081,4346371,2834,31682,33760,34121,21828,271876,121752,429362,36310
2007,NY,50762544,51253984,48561,184672,191647,205135,185680,1571259,852342,2765435,263356
2007,OH,22142424,21336580,32815,130889,132634,139939,134417,1077618,585862,1827184,49672
2007,OK,5491931,5505213,35270,49306,46787,45831,39321,375505,178400,642065,18442
2007,OR,5648586,5634955,1310,39820,42750,43018,45559,341853,181719,565586,76018
2007,PA,25334577,25627083,12490,122769,129837,143406,139930,1069191,595727,1801971,68058
2007,RI,2100679,2082332,1770,9840,11028,12098,10848,87549,48470,147629,5756
2007,SC,7130274,7660995,22812,52314,52715,54067,39459,429440,207751,712317,23786
2007,SD,1136570,1096568,1335,9688,8935,9248,8901,72401,38182,121606,2524
2007,TN,7617488,7817659,14937,75289,72454,70745,62040,579042,282508,964259,50374
2007,TX,44355326,45920825,217751,356706,346491,332671,273867,2800227,1300148,4674832,175014
2007,UT,3656090,3618540,9487,47591,44748,41114,40375,353180,165986,576244,13646
2007,VA,14176385,14700853,28684,89656,90397,93896,85413,732104,380413,1230857,42910
2007,VT,1836316,1804519,4556,6161,6490,7039,7714,52379,30942,94038,4522
2007,WA,10350748,10682397,10012,72165,76673,78219,78429,615230,332840,1030247,98722
2007,WI,10154985,9988878,37773,59590,59995,64135,72380,487849,289421,874633,23970
2007,WV,2905489,2983267,12247,21300,20217,21330,18625,164998,83990,282535,11938
2007,WY,1477891,1390344,413,6891,6493,6711,6246,51939,27179,86422,2224
2008,AK,2188587,2274819,1905,9744,9756,9673,9787,77614,41399,130662,7462
2008,AL,7726213,7847387,6470,56205,58593,57809,46763,465403,217590,745668,23652
2008,AR,4608356,4720720,13254,37997,36345,35387,30256,289953,137196,478965,14806
2008,AZ,9272152,9581201,16748,87229,83793,81576,76735,667539,316048,1087817,56146
2008,CA,74626928,76618865,70497,461063,463904,486390,476156,3770281,2013687,6322528,626632
2008,CO,8070129,8884786,28280,63985,61058,58733,55936,488039,238139,818443,61152
2008,CT,9322225,9046750,14952,40684,41792,43027,40743,336582,174980,567198,20258
2008,DC,1224312,1224785,7451,5122,4595,4540,3444,38190,17891,68681,28544
2008,DE,1694998,1746925,738,9458,9521,9908,8120,76615,38619,125430,4228
2008,FL,30001821,31219589,48233,193428,198129,200736,167705,1607634,781725,2631020,217788
2008,GA,18683630,19172087,40726,129336,127285,123857,96131,1015622,470108,1655792,81722
2008,HI,2541703,2242408,1607,15475,13739,12665,11326,108733,53481,179478,25800
2008,IA,5496908,5495756,17022,38522,35031,35324,38050,280022,151993,487559,13938
2008,ID,2151476,2001328,2797,21516,21450,20623,18826,169241,81497,275051,5948
2008,IL,25431714,25696866,92782,146969,152951,159272,147796,1239444,640512,2119707,64010
2008,IN,11340157,10865851,11487,76308,78842,80874,72989,642226,316126,1046147,30972
2008,KS,5378095,5122049,14271,36267,34965,34366,32267,278255,139086,471060,6596
2008,KY,6637062,6793215,18660,50643,49875,49668,43326,402718,197748,670030,33832
2008,LA,7751886,7599993,28564,52660,57165,51910,38234,422989,180660,684873,23150
2008,MA,14633578,14631545,26796,68540,70666,73170,68329,570479,292372,958910,62728
2008,MD,13098112,12739693,26821,60530,59512,63639,60916,489122,267388,843861,39854
2008,ME,2594335,2582293,2893,13475,13860,14886,15423,112956,63611,192935,10792
2008,MI,20441973,20703780,29772,124451,117432,123823,126352,952522,535452,1659921,118534
2008,MN,10118118,10462624,13522,61982,59822,62080,74202,484680,275864,836048,33650
2008,MO,9335599,9900419,25435,67690,67620,68030,66266,542286,282460,917871,33910
2008,MS,4449009,4363308,3106,38511,38159,37889,28288,305584,136917,491962,9598
2008,MT,1562815,1557678,963,10802,10558,10890,10670,85104,45030,141899,5944
2008,NC,13610326,13731201,24678,117282,114909,111050,88724,916966,429719,1488645,53298
2008,ND,1104803,1085970,1262,7217,6812,7364,7608,55476,30773,94728,2562
2008,NE,3383157,3325663,11046,22790,20939,20958,22246,169076,89678,292590,17354
2008,NH,2715463,2715961,2834,10968,14613,15783,15419,119193,64939,197934,8950
2008,NJ,25916004,26168480,30746,93504,99242,100894,97515,795554,409500,1381420,57866
2008,NM,3569311,3599724,6365,25680,25119,24366,19940,199370,98830,330245,13482
2008,NV,4338601,4881218,3393,32188,34099,34394,23330,272468,125034,433371,36812
2008,NY,53147343,54870811,50758,187194,190067,201895,185896,1552130,839837,2740592,254678
2008,OH,22746589,21951104,37873,130405,132680,137479,134522,1071216,577669,1817163,56152
2008,OK,5780151,5667749,37726,50497,47245,45149,38798,378557,176679,645108,16506
2008,OR,6107684,6407512,11855,40556,43272,43339,46120,343010,179972,575393,89304
2008,PA,26357235,26597713,13686,126197,130592,139173,136937,1053231,579521,1775029,64756
2008,RI,2173888,2175172,1985,9905,9752,11422,10709,86093,47359,145342,5274
2008,SC,7743317,8167262,23376,52468,53996,53446,43189,431758,210511,718113,24126
2008,SD,1190917,1172715,2626,10315,9234,9446,8831,74536,38952,126429,2524
2008,TN,8086152,8488521,16864,76156,75091,72255,65306,591529,287401,971950,45548
2008,TX,46245975,50205827,224759,362318,355578,343548,280308,2859434,1305637,4752148,178448
2008,UT,4198001,4337917,9480,47046,44546,40261,37818,347943,155309,559778,15140
2008,VA,14768120,15236306,29987,89931,91133,92881,87177,735090,380787,1235795,37232
2008,VT,1888635,1888133,4698,6192,6471,7004,7520,52104,30631,93625,4284
2008,WA,11195224,11677666,10995,73831,77999,78902,79916,619968,332224,1037018,93962
2008,WI,10619354,10545964,43161,60384,60319,62317,71799,485983,284222,873750,23170
2008,WV,2965828,3068910,13150,20919,20162,21268,18914,165408,83252,282729,8838
2008,WY,1602514,1517325,452,7215,6608,6456,6111,52968,26526,87161,3138
2009,AK,2158970,2396412,2475,9804,10046,9626,9779,78545,40837,131661,8614
2009,AL,7186390,7815467,7774,57019,59512,57027,48164,464601,219495,748889,26698
2009,AR,4753142,5017352,13504,38115,36479,35715,30567,292256,136213,480559,12220
2009,AZ,8802515,9580393,9175,84191,83686,82163,79283,666897,317397,1077831,63342
2009,CA,73958896,74766086,71783,471058,465866,472856,478503,3717166,1997064,6263438,557536
2009,CO,8310673,8682489,29701,64190,62929,59129,58526,497487,240990,832368,63644
2009,CT,9681268,9323053,15689,39866,41510,42999,41029,334409,174004,563968,20068
2009,DC,801008,805362,8499,5190,4893,4452,3301,37698,17597,69433,28758
2009,DE,1718993,1798244,755,9537,9672,9519,8317,77418,39091,126801,4854
2009,FL,26494500,28867429,51495,196057,199322,198245,172321,1603349,783621,2634522,240520
2009,GA,17972839,19025136,41940,131325,130091,124084,97779,1021486,472934,1667685,88982
2009,HI,2689758,2318671,1547,15970,14249,12967,10621,109861,52630,180196,24672
2009,IA,5732319,5732186,21804,38956,35225,35239,38685,280573,150509,491842,14132
2009,ID,2182273,2078446,2646,21605,21337,21019,19250,170477,81571,276299,8176
2009,IL,26987426,27716187,84727,148097,154405,155003,146476,1230889,640462,2104175,60644
2009,IN,12999357,11218398,12444,78224,79992,80983,72999,639931,316062,1046661,29466
2009,KS,5615208,5827751,10509,36461,35782,34596,33522,282847,140240,474489,7070
2009,KY,6706922,6831006,27909,51276,51027,49298,43097,405017,195515,680089,25338
2009,LA,7984550,8053960,29447,53763,59998,52818,38828,426673,181032,690915,59646
2009,MA,15298022,15174814,27871,68369,71078,72093,67973,569489,290502,957053,65802
2009,MD,13147931,12757599,28626,61428,61183,62590,61273,491731,266627,848412,50916
2009,ME,2623127,2624504,3783,13704,13769,14438,15246,111159,60579,189225,10148
2009,MI,19616665,19992550,29850,126313,118702,121463,126181,948457,529531,1649082,59318
2009,MN,10353784,11193640,13933,63111,60640,61281,74532,487617,272392,837053,33770
2009,MO,9472520,10227305,25584,69016,68730,67430,67254,543482,279900,917982,30594
2009,MS,4392101,4552756,3607,39148,39651,36577,28943,304201,137511,492481,12232
2009,MT,1607935,1622485,1209,10960,10499,10911,10563,85699,43939,141807,5104
2009,NC,15410564,14868070,26688,104954,116876,109864,88983,921621,429596,1483397,54652
2009,ND,1150142,1137260,1285,7472,6547,7308,7637,55819,30497,95073,3232
2009,NE,3522481,3523803,11954,23577,21517,20834,22266,171329,88508,295368,15862
2009,NH,2816162,2757401,2987,11969,14560,15517,15588,117812,64372,197140,7240
2009,NJ,26510413,26145334,33937,95251,99911,100749,98733,802749,412848,1396029,54544
2009,NM,3703477,3945515,7406,26266,25358,24126,20150,201671,99076,334419,15458
2009,NV,4442101,4577881,3953,32038,33664,33291,25935,269058,123420,428947,46950
2009,NY,55885116,57851481,51251,190741,193473,198690,188377,1550122,858087,2766052,252828
2009,OH,22779344,22427481,29329,131114,133751,134169,118872,1064903,538951,1764297,55406
2009,OK,6029807,5941799,39784,51037,48457,45268,40046,384931,177366,654802,20660
2009,OR,6158756,6715011,21143,40563,43059,43261,46088,342745,178388,582839,74920
2009,PA,26755585,27328680,15239,128947,132213,137072,140845,1055000,584316,1785993,63980
2009,RI,2179714,2171376,2109,10254,10188,11275,10697,85821,46934,145118,6868
2009,SC,7669733,8427391,24425,53615,55671,52711,44364,434084,211019,723143,19240
2009,SD,1258876,1273527,1367,10560,9245,9251,8741,73818,37968,123713,3142
2009,TN,8112895,8611178,16506,76745,75052,71050,66366,593417,285881,972549,47392
2009,TX,48087531,53575273,239030,369433,368175,346524,291130,2911885,1329862,4850210,159084
2009,UT,4238943,4419750,8225,47684,45610,40997,38995,357434,158243,571586,16580
2009,VA,15251481,15510318,30600,92281,93708,92075,87839,741139,381320,1245340,38650
2009,VT,1683034,1661019,4837,6216,6237,6647,7328,51133,29265,91451,5124
2009,WA,12025012,12240632,11037,74547,78270,77206,83604,619803,329960,1035347,96346
2009,WI,10991081,10880480,47054,61094,61242,61748,71242,485288,279000,872436,27532
2009,WV,3097212,3121728,13894,21454,20790,20516,18688,164965,82349,282662,7342
2009,WY,1675761,1658156,534,7406,6683,6606,6160,53885,26330,88155,2218
2010,AK,2230338,2371251,2990,10120,9917,9622,9643,78880,40114,132104,7780
2010,AL,7281058,7647571,8179,57665,59117,57992,49719,467768,221940,755552,26270
2010,AR,5069272,5520387,14059,37701,36873,36237,30330,293680,136156,482114,11838
2010,AZ,8828122,8812967,8554,82860,82862,80636,81326,660440,319747,1071751,58714
2010,CA,67356719,71227111,72404,468036,463691,476639,492545,3749960,1993538,6289578,556390
2010,CO,8793676,8914338,30593,65182,63819,59684,60899,505302,242239,843316,64792
2010,CT,9726922,9542108,15921,39670,41155,42346,41381,331884,173071,560546,18818
2010,DC,1195934,1290048,9581,5939,4877,4307,3407,37867,17632,71284,30376
2010,DE,1733458,1758988,1626,9810,9797,9504,8464,78843,39124,129403,4122
2010,FL,26231141,27267009,52779,197097,200682,201676,178315,1608622,784849,2643347,248668
2010,GA,17839851,17834488,42816,132008,131326,123794,100392,1027655,474588,1677067,86614
2010,HI,2564856,2215458,1393,16028,13457,12567,10818,109990,51975,179601,24938
2010,IA,5744872,5941449,27211,39306,35071,35263,37704,281595,147663,495775,12554
2010,ID,2177999,2098737,1821,21144,21575,20588,19362,171179,81715,275859,9606
2010,IL,28253620,28560306,78260,146225,153781,154293,146953,1230308,636861,2091654,61840
2010,IN,14023240,11502534,11652,76765,82387,79790,74836,640997,317818,1047232,27358
2010,KS,5454128,5979429,17318,37023,35991,34220,33180,285250,139505,483701,7562
2010,KY,6881951,7092071,24260,51091,51189,48525,43723,404656,192661,673128,27882
2010,LA,8091029,8125021,29657,54276,58778,49523,38438,428333,184292,696558,59558
2010,MA,14919763,14857823,27747,67496,71140,71588,67716,570283,289161,955563,70598
2010,MD,13327770,13205691,29377,62704,60765,61971,60555,496075,264055,852211,47738
2010,ME,2721365,2680693,4247,13819,13728,14358,15315,110863,60148,189077,9968
2010,MI,19393461,19967017,28187,112835,115722,118831,122236,929231,508868,1587067,55880
2010,MN,10383935,10564774,14405,62961,61627,61706,73661,492597,268074,838037,34456
2010,MO,9587703,10139784,28495,69376,68313,66944,65990,545120,275719,918710,35978
2010,MS,4466377,4504257,3447,38923,38295,36113,29668,303722,136277,490526,11686
2010,MT,1623971,1642886,1351,11115,10751,10729,10316,86025,43202,141693,6750
2010,NC,16621268,14162497,23510,115782,118617,111112,91541,918327,432196,1490605,51722
2010,ND,1308214,1267426,1529,7449,6974,7298,7581,57057,30288,96323,3324
2010,NE,3720560,3640199,12656,23411,21901,20875,22236,174225,88208,298500,16578
2010,NH,2906573,2856965,3097,11970,14294,15407,15019,116509,63135,194711,6948
2010,NJ,26676217,26736651,53564,92413,98641,99630,97358,794568,405143,1402548,56702
2010,NM,3638606,3814058,7980,26688,25955,24469,20594,204677,98777,338122,15458
2010,NV,4262471,4260869,4444,32454,34047,33070,29207,269773,129831,437149,47650
2010,NY,55453300,60067253,51649,194607,198720,203761,191528,1609766,851829,2734955,270942
2010,OH,23247907,22701333,30047,129964,133202,133210,118946,1062797,531383,1754191,54756
2010,OK,5778507,5971651,40688,52114,48519,45737,39634,389362,175949,659911,22156
2010,OR,6219779,6398065,9392,40656,42924,42834,46212,342553,178119,570720,83170
2010,PA,27883991,28231191,16294,128120,132497,135876,141710,1064238,582442,1793284,61112
2010,RI,2207123,2187163,2054,10057,10865,10954,10466,85623,46059,143793,5300
2010,SC,7755419,8242553,24188,54624,55636,52904,44703,436769,210257,725838,19240
2010,SD,1292742,1281632,1974,11049,9140,9275,9063,74913,38192,126128,3142
2010,TN,8405025,8760367,28787,76642,75481,71475,67441,596278,285715,987422,46094
2010,TX,50559500,53810244,249122,374195,374111,354314,298400,2963292,1349106,4935715,153508
2010,UT,4250259,4326951,10376,48043,46127,42227,38744,366560,160573,585552,13948
2010,VA,14937195,14919831,30821,92899,93965,91877,89266,747726,379994,1251440,39340
2010,VT,1749898,1719870,10678,6259,6291,6757,7114,51052,28869,96858,5146
2010,WA,11919090,11820814,12056,75933,78546,78448,83712,626183,329616,1043788,95724
2010,WI,11289720,11116821,50200,60721,61015,61337,69858,487558,273807,872286,26786
2010,WV,3176874,3484593,14660,21256,20493,20455,18430,165556,81407,282879,10088
2010,WY,1718605,1696177,582,7611,6694,6657,6233,54593,26223,89009,2518
2011,AK,2357828,2443898,2755,10453,9667,9527,9918,78849,39110,131167,10100
2011,AL,7376725,7411768,8282,57602,56491,57919,49510,461122,217615,744621,28006
2011,AR,5176362,5669431,14466,37305,36662,36339,30441,293926,136959,483114,16946
2011,AZ,8429186,8610417,8860,84433,82566,81294,81179,665998,320807,1080319,54204
2011,CA,70953331,69847705,73630,488070,462082,467626,494144,3742708,1977069,6287834,672434
2011,CO,8747471,8676451,31091,66361,64560,61156,61398,513402,243411,854265,70592
2011,CT,9783168,9439182,16022,38840,40138,42511,40677,328515,171060,554437,23106
2011,DC,1283071,1297175,10831,6358,4643,4328,3190,38259,17261,73911,37250
2011,DE,1759170,1808905,1402,10116,9691,9569,8570,79106,38322,128946,4530
2011,FL,26453693,26991946,54938,203302,195625,200378,174371,1617862,792054,2668156,284588
2011,GA,18030043,17187481,45353,133372,128827,126785,98625,1032525,473766,1685016,106710
2011,HI,2499513,2259104,1492,16827,14353,12783,11084,112565,51598,182706,29502
2011,IA,6098470,6057294,26930,40187,34951,35498,37069,283035,145718,495870,14474
2011,ID,2089982,1960818,1338,21901,21835,21172,19423,174825,81809,279873,10528
2011,IL,29507584,28525858,80723,145489,151870,153828,145047,1226944,629941,2083097,68450
2011,IN,12125155,11113533,9540,78166,78627,79586,74071,636899,316160,1040765,28620
2011,KS,5538869,5662146,18110,37557,35608,35291,32478,287355,137455,486108,11158
2011,KY,7104589,7253850,28107,52325,49894,50043,43928,407678,193392,681987,28544
2011,LA,8022917,8218870,29422,56037,58304,52289,39088,433343,184588,703390,56796
2011,MA,15396681,15150898,28116,67956,70404,72758,67460,569243,287055,953369,77436
2011,MD,13443940,13247697,28850,64727,63118,61917,60289,500639,259870,854086,49424
2011,ME,2654366,2728535,5048,13644,13533,14584,14887,111354,58923,188969,10890
2011,MI,19374026,18469948,37020,107852,112465,118628,120498,920586,500042,1573537,61714
2011,MN,10912368,10612480,14568,64133,60917,61574,71583,496843,264194,839738,38326
2011,MO,9915356,9842505,29931,69864,67274,68413,64475,545581,271208,916584,44338
2011,MS,4516742,4345783,3842,41048,37715,36071,29115,303072,134158,490619,11518
2011,MT,1631810,1655584,1475,11697,10739,10773,10208,86553,42624,142349,8870
2011,NC,14409515,13767024,33603,117944,116325,113238,94017,922516,433801,1507864,59984
2011,ND,1309044,1312226,1706,8236,7028,7436,7348,57946,29758,97646,2960
2011,NE,3879388,3676326,12907,23795,22279,21115,22332,176802,87792,301296,16820
2011,NH,2947007,3001244,3228,11915,14190,15164,14911,114489,62268,191900,7032
2011,NJ,26242376,25716298,36581,90955,96459,98968,94059,783107,394133,1356431,61990
2011,NM,3591330,3694437,7652,26954,25703,24436,20671,204875,97744,337225,19600
2011,NV,4146577,4258855,4408,33502,33608,33745,30322,270807,130252,439634,44492
2011,NY,57753776,59446908,49569,197458,196082,201190,190732,1595807,831712,2704718,282142
2011,OH,23488657,23010396,29015,131323,130406,134219,117866,1056888,522804,1740030,62734
2011,OK,5835133,5644988,42145,53053,48690,47321,39447,393563,175383,666120,22384
2011,OR,6112484,6317635,7262,41478,42072,43653,45898,342570,176898,568208,86920
2011,PA,28492510,28810721,12887,128804,129845,135598,138265,1061733,565203,1771395,70044
2011,RI,2212352,2198940,1979,10164,10827,11146,10558,85516,45195,142854,5230
2011,SC,7772777,7961448,23551,56065,54157,54243,44684,439773,207797,727186,24176
2011,SD,1297661,1350617,2996,11375,9364,9139,8662,76158,37487,128016,3658
2011,TN,8679893,8961443,27982,79803,75146,73725,67637,604964,286944,999693,45410
2011,TX,51023159,52691826,249524,379446,375756,360279,298637,3007882,1363618,5000470,190318
2011,UT,4141253,4195916,11972,48953,46758,43971,39693,373611,164296,598832,14742
2011,VA,14655345,14675815,31805,95574,93770,93361,89324,753846,376658,1257883,43698
2011,VT,1686499,1722515,5559,6062,6158,6646,6930,50525,27762,89908,5194
2011,WA,11905941,11928408,12268,78014,77051,78891,84089,627902,327269,1045453,94264
2011,WI,11664303,11440718,54438,60875,60094,61413,68392,487497,268295,871105,26342
2011,WV,3475642,3670119,15280,21172,20748,20778,18498,165613,80805,282870,10644
2011,WY,1650621,1656850,518,7873,6790,6796,6178,55666,26042,90099,4734
2012,AK,2383402,2483320,3131,10569,9756,9806,9696,79369,38420,131489,9280
2012,AL,7136949,7222161,9032,59428,55859,58151,48945,458974,217203,744637,25764
2012,AR,5169926,5299969,14290,40463,36140,36607,30734,292641,138428,486157,19328
2012,AZ,7934798,8054662,9304,86265,83892,82769,81751,671982,321634,1089384,55744
2012,CA,69016392,70191877,74360,489274,468007,465967,496754,3763810,1965168,6299451,643038
2012,CO,8616009,8472536,30375,66951,65921,62260,62503,520184,246051,863561,77868
2012,CT,10070907,9791336,16393,39410,40895,42020,40743,324906,170245,550954,21276
2012,DC,1331006,1189542,11428,6980,4631,4202,3317,39377,17577,76140,38138
2012,DE,1855867,1915966,1291,10128,10089,9716,8365,79585,38022,129026,4564
2012,FL,24139266,25352047,55124,210489,195358,204116,183193,1626947,799602,2692162,271558
2012,GA,17559894,17400209,45252,136837,128538,128432,101078,1040200,481043,1703332,102030
2012,HI,2535038,2344733,1509,17497,14572,12791,10721,114462,51069,184760,29794
2012,IA,6262807,6256926,27729,41381,35492,35694,36254,285931,144784,499825,13374
2012,ID,1981482,1911706,2683,22409,21884,21670,19130,177111,82631,284834,9400
2012,IL,29900021,29067543,81475,147315,151409,152505,146273,1219411,624679,2072880,67694
2012,IN,12395432,11351906,9114,80681,75678,79908,74886,635245,316329,1041369,28590
2012,KS,5613619,5615714,18475,38379,36167,35447,32810,288797,137855,489043,11786
2012,KY,7192430,7444529,26753,53875,50583,50259,44032,410084,193961,685167,24316
2012,LA,8477993,8504567,29426,58691,57434,52507,40179,436675,186111,710903,44458
2012,MA,15763456,15696061,28245,69669,70952,72048,67856,568277,287506,954773,80586
2012,MD,13752912,13212140,29671,66896,63703,60908,59978,506235,256836,859638,44678
2012,ME,2611056,2625759,4890,13727,13345,14127,14462,109307,57815,185739,10736
2012,MI,18622316,18063824,36769,107986,112068,117640,118564,914737,492272,1555370,57882
2012,MN,10681609,10696348,14695,65745,62523,62335,70510,502923,262041,845404,38466
2012,MO,10022622,9910617,29684,71778,67493,68057,64151,546068,270370,917900,50454
2012,MS,4477828,4423270,4026,43208,36663,36745,29676,304011,133809,493650,12144
2012,MT,1628318,1652537,1321,11709,10861,10895,9784,87789,42089,142908,9530
2012,NC,12788659,13418244,30329,121389,116264,115147,94648,928372,438375,1518465,63406
2012,ND,1345371,1380563,1848,8578,7380,7500,7347,60569,30116,101111,3416
2012,NE,3764056,3880517,13831,22095,22583,21438,23152,179506,88073,303505,17658
2012,NH,2963221,2961684,3260,11892,13907,14784,14600,113017,60805,188974,7334
2012,NJ,27574528,26432652,35128,94830,98152,100052,97048,788168,400875,1372203,57388
2012,NM,3478709,3616691,7509,27662,25474,25177,20559,205807,97242,338220,17958
2012,NV,4053945,4109706,4599,35008,33462,34192,31939,273430,131953,445707,43346
2012,NY,58981073,60216421,48712,202670,198361,200642,192112,1601541,825972,2710703,307774
2012,OH,22799205,22662376,27558,131874,129295,133955,117623,1051867,518617,1729916,66324
2012,OK,5824963,5594867,42154,55115,49274,47856,39407,397470,176812,673483,23212
2012,OR,6124872,6314092,23850,42642,42401,43578,46723,342833,178239,587564,79232
2012,PA,27881568,27851918,10109,129624,131315,136775,136357,1063403,557464,1763677,70280
2012,RI,2208278,2190431,2068,10786,10831,9971,10509,84955,44672,142481,5916
2012,SC,7889771,7948441,23786,58641,54058,55365,44755,444923,208648,735998,22858
2012,SD,1298723,1296971,3117,11901,9657,9408,8816,78186,37267,130471,4236
2012,TN,8983224,9256522,27096,81186,74425,74459,66299,603243,281971,993496,49338
2012,TX,49979753,50215314,250911,390636,378750,366857,305425,3048599,1387513,5077659,171536
2012,UT,4217360,4330417,12329,50378,48362,45387,40774,381495,169077,613279,16540
2012,VA,14940479,15129464,32852,96935,94005,93787,88971,759657,375975,1265419,42042
2012,VT,1754161,1726321,5705,6273,6133,6541,6756,50089,27557,89624,5770
2012,WA,11955582,12187889,12466,80789,78244,79272,84981,631305,327134,1051694,93818
2012,WI,11139967,10724377,55008,62422,60670,61857,67130,489324,265682,872436,27134
2012,WV,3970941,3536971,15781,21785,20181,20521,18703,164805,80673,283044,11816
2012,WY,1664983,1670728,540,8131,7127,6874,6046,56619,26243,91533,9682
2013,AK,2545117,2665933,3247,10632,9722,9677,9500,78835,38230,130944,8940
2013,AL,7197439,7487741,9415,59757,55719,58799,48965,458327,218705,746204,23210
2013,AR,5067546,5226339,14984,39900,36321,36660,31646,294621,140185,489979,18580
2013,AZ,8164324,7600581,8791,86258,84282,83849,84291,679992,327144,1102445,49444
2013,CA,68868516,69727119,75951,506831,470515,472381,498403,3771067,1952314,6312623,632446
2013,CO,8826868,8699125,31741,67225,66140,63820,62836,528653,249380,876999,47506
2013,CT,10319361,9758850,16922,38274,39810,41460,40775,321966,169038,546200,22658
2013,DC,1300036,1308438,11867,7174,4826,4425,3326,41239,17717,78153,36566
2013,DE,1930466,1924626,1413,10488,10069,9993,8536,81303,38483,131687,4246
2013,FL,24681548,25245400,56470,209318,198411,206698,183422,1647922,807034,2720744,241046
2013,GA,17459504,17317504,45427,136658,129329,131295,103094,1051792,490032,1723909,83822
2013,HI,2331770,2345917,1577,17561,14810,13228,10925,116670,50806,186825,31176
2013,IA,6281345,6318241,28075,41240,35617,36238,36258,288638,145011,502964,14102
2013,ID,2015534,1967676,4081,23396,22803,21991,21063,181856,87143,296476,8624
2013,IL,30057886,29517831,80953,145117,152779,154578,144566,1219389,621531,2066990,62530
2013,IN,12236713,11211155,14586,80611,77584,80754,75871,634763,316350,1047385,28190
2013,KS,5667223,5621023,18746,38534,36435,36457,32989,294099,138847,496440,11256
2013,KY,7216175,7413896,27142,52267,49770,50203,43732,405262,192256,677389,24358
2013,LA,8121179,7940880,29319,57377,56770,54842,41118,436614,188181,711491,26514
2013,MA,16114783,16201905,28189,69853,70862,72116,67429,569089,287478,955739,87082
2013,MD,13814727,13284637,29811,67548,64629,62322,59114,515221,253589,866169,40086
2013,ME,2650346,2535405,5004,13451,13550,13975,13964,108616,56924,183995,13096
2013,MI,18270327,17468264,40660,106166,113420,118440,116607,910594,487518,1548841,52732
2013,MN,10848720,10942019,14556,65618,63979,62899,69090,509390,261409,850973,38954
2013,MO,10103589,10001763,30339,70845,67908,68401,63718,547877,269227,918288,41926
2013,MS,4444064,4370050,4329,41948,36959,37896,29412,304829,132568,492586,11932
2013,MT,1671053,1679521,1440,12038,11028,10635,9912,88513,42138,144129,9038
2013,NC,12729402,13650536,30978,122209,108034,117965,96453,936407,441263,1530857,58286
2013,ND,1405349,1516575,2054,8822,7824,7352,7389,62651,30420,103947,9474
2013,NE,3870164,3913038,14457,24025,23097,22089,22968,180640,88555,307677,14602
2013,NH,2976317,2878534,3464,11615,13953,14690,14140,111854,59377,186310,7058
2013,NJ,28070096,28179900,36024,92017,98832,99950,95646,792008,399391,1370295,54036
2013,NM,3518621,3536546,7865,27368,25597,25062,20133,206295,97716,339244,13862
2013,NV,4131800,4057443,4707,35073,33827,34541,31450,278662,132564,451831,32632
2013,NY,59623918,60505950,48968,201930,196988,203267,190081,1607001,820326,2732770,344306
2013,OH,22536516,22015797,28477,131003,128668,135042,114607,1049020,515611,1724111,58736
2013,OK,5878111,5796945,42770,54923,49603,48583,39498,402398,179811,681848,21382
2013,OR,6077498,6228197,25902,42728,42858,43522,47075,345775,178595,593000,70448
2013,PA,28484645,28495118,8499,129360,132216,137287,135583,1063310,554067,1755236,69992
2013,RI,2282659,2231413,2242,10490,11037,10293,10403,86006,43270,142008,6734
2013,SC,8254462,8224795,24295,58226,54672,56762,44624,451301,211835,745657,29380
2013,SD,1316613,1332496,2865,11898,9842,9531,8485,79488,36639,130890,5494
2013,TN,9008032,9248235,25756,78601,74401,74909,65854,605311,283888,993556,48970
2013,TX,49734537,50674724,248150,391731,383586,379786,309069,3102385,1411436,5153702,148356
2013,UT,4300793,4584624,12373,50386,49041,46409,41327,388573,174129,625461,15578
2013,VA,15322318,15634918,33166,96058,95625,95778,88709,767349,377252,1273825,37362
2013,VT,1817307,1809138,5667,6215,6159,6332,6545,49575,27233,88690,6940
2013,WA,12242231,12097549,11957,81559,78929,79953,84710,637352,328068,1058936,82460
2013,WI,11097447,10845059,56777,61522,61393,62721,66346,491376,264739,874414,27604
2013,WV,3486366,3488877,15472,21541,20418,20634,18299,163988,79957,280958,11346
2013,WY,1695967,1675477,514,8141,7086,6867,6176,57628,26449,92732,5062
2014,AK,2663647,2727056,3074,10559,9812,9653,9671,79112,38431,131176,8316
2014,AL,7357267,7587737,11076,57939,55479,57471,49929,454081,221068,744164,22244
2014,AR,5193218,5242672,14834,38503,35922,36788,32428,295622,141653,490917,14542
2014,AZ,8361708,8109460,8839,83241,85535,84596,84913,687823,331552,1111695,47532
2014,CA,72389126,72506810,76641,511985,475192,467038,496901,3767745,1949755,6312161,604312
2014,CO,9162406,9286626,31663,66068,66809,65116,63001,536632,254643,889006,48102
2014,CT,10743919,10201500,17987,37654,39699,41165,40018,319247,167790,542678,23250
2014,DC,1342220,1313289,12049,7273,5264,4525,3421,43084,17634,80958,39920
2014,DE,1954374,1988535,1520,10205,10278,10035,8688,82971,39346,134042,4154
2014,FL,26077462,26523658,58613,204552,202424,210397,189545,1670530,823249,2756944,207228
2014,GA,17821620,17668352,46150,133616,131377,133128,106405,1063066,501605,1744437,80986
2014,HI,2696766,2504144,1489,11661,15221,12587,10644,117974,50925,182384,34062
2014,IA,6455928,6541553,28884,39923,36072,35827,36091,290642,145862,505311,13868
2014,ID,2084970,2012852,2597,21509,22799,22407,19879,181354,85232,290885,9822
2014,IL,31085621,31080869,79349,139729,149399,153054,147588,1209886,621275,2050239,60848
2014,IN,12399402,11136045,16206,78861,75552,82669,74952,633508,316465,1046269,27718
2014,KS,5813985,5957954,19104,37524,36435,36140,32731,294230,140324,497275,11836
2014,KY,7229857,7346219,27345,51876,50300,51246,43862,412196,196733,688640,24464
2014,LA,8352703,8140649,28200,56119,54030,52835,40610,437690,194791,716800,22402
2014,MA,16609204,16518383,28375,67670,69922,72190,68038,569677,288934,955844,100720
2014,MD,13982544,13712839,30385,66200,65382,61747,58624,523857,254072,874514,39692
2014,ME,2675648,2550302,5038,13274,13488,13805,13777,107797,56361,182470,12184
2014,MI,18457253,17358365,44607,105582,110135,116804,116032,898924,484956,1537922,56324
2014,MN,11168633,11300786,14977,64454,63781,63805,69615,514730,263074,857235,39082
2014,MO,10256615,10324249,31153,68753,68210,67879,63388,548958,268921,917785,35782
2014,MS,4480105,4463078,4409,40543,36620,36791,28980,303333,134857,490917,10590
2014,MT,1729712,1754324,1229,11682,11044,10807,9825,89805,41816,144532,8572
2014,NC,13462754,13540706,31550,119730,115539,119636,97257,941088,454963,1548895,54016
2014,ND,1568997,1597210,2063,9031,7995,7652,7471,65071,30421,106586,5794
2014,NE,4005091,4008633,15253,23951,22921,22374,23051,183467,89964,312635,14290
2014,NH,3042994,2960615,3639,11580,13590,14423,13856,110626,58807,184670,7198
2014,NJ,28454548,27742203,55106,92560,97428,99751,95666,792613,401874,1400579,53540
2014,NM,3601387,3576216,8004,26660,25641,25272,21147,206441,99260,340365,14456
2014,NV,4203255,4043820,5230,33942,34993,35318,31892,284442,134640,459189,39220
2014,NY,61337112,62556193,57353,200507,197545,200384,190387,1607983,827493,2741185,356292
2014,OH,23297509,21847582,31135,129013,125215,134275,115962,1044724,519938,1724810,55688
2014,OK,6034336,6026661,42218,55134,47577,48487,40729,405206,184170,688511,20264
2014,OR,6621363,6453635,30461,41645,42942,43521,47566,349455,179757,601318,62020
2014,PA,29068069,28620630,8106,127398,129927,135683,131694,1058258,549398,1743160,70582
2014,RI,2313010,2258076,2369,9885,10720,10899,10578,86813,42892,141959,5792
2014,SC,8417698,8452743,24274,58282,55741,57025,45619,457244,216723,756523,22726
2014,SD,1345549,1355439,2787,11768,10366,9441,8674,81184,37301,133040,4276
2014,TN,9237782,9432883,25912,74960,75248,74883,66972,606195,288408,995475,48724
2014,TX,52776853,53096761,241826,390552,390570,388428,314039,3150946,1450441,5233765,141080
2014,UT,4405929,4385896,13142,48841,49173,46969,42163,394684,178910,635577,14646
2014,VA,15347862,15690444,32839,93758,95200,95558,88256,771091,382598,1280381,33404
2014,VT,1895044,1876197,5984,5768,6211,6268,6417,49221,26338,87311,7608
2014,WA,13040197,12806300,12663,81212,79721,80391,87206,646445,333318,1073638,86774
2014,WI,11330253,11255186,55831,60424,60795,62034,65954,490627,264550,871432,27356
2014,WV,3514889,3499873,15253,20860,20196,20501,18239,163654,80543,280310,10646
2014,WY,1772633,1775999,564,7997,7438,6927,6133,58774,26732,94067,3836
2015,AK,2920986,2968341,3369,10409,10118,9400,9651,80011,38688,132477,9806
2015,AL,7360222,7501799,13230,55613,55808,55792,50668,452764,222182,743789,20338
2015,AR,5308625,5350543,16083,37509,35893,36882,32385,296050,142242,492132,14524
2015,AZ,8230507,7902600,8747,79396,86594,84084,84854,687144,333579,1109040,51024
2015,CA,78248042,78365958,0,530531,485885,465322,492835,3748465,1941009,6226737,661882
2015,CO,9648297,9557682,32224,64631,68176,65957,65317,541348,260909,899112,52620
2015,CT,11099837,10542667,18385,36641,39077,40320,40321,315851,167056,537933,19882
2015,DC,1382282,1360942,12316,7319,5701,4430,3867,44996,18884,84024,40520
2015,DE,2017075,1975093,1553,10040,10533,10090,8782,83409,39845,134847,4684
2015,FL,26971491,27277049,60122,199514,215435,206785,192877,1692825,839773,2792234,189254
2015,GA,18584666,18501103,46685,128788,134343,131509,109345,1067899,513865,1757237,69504
2015,HI,2703683,2521004,1586,14860,15196,13129,10741,114924,50219,181995,39778
2015,IA,6714410,6772654,28971,39218,37030,35965,36387,293017,146808,508014,15328
2015,ID,2167967,2029520,2549,20988,22812,22350,20087,182320,86334,292277,10008
2015,IL,32096832,32410033,87589,135924,149373,150193,147993,1198970,619292,2041779,68584
2015,IN,12456571,11378564,18529,77044,77751,79198,74952,628889,321313,1046757,30046
2015,KS,5991731,6175724,18773,36975,36928,35694,33667,293540,141615,495884,11740
2015,KY,7548871,7554887,27144,49463,51339,49774,44659,410676,198820,686598,22652
2015,LA,8448743,8437263,28444,53716,54294,52480,41790,437974,198577,718711,22210
2015,MA,16985185,16972319,29297,66142,70892,72176,70997,571237,294897,964026,104206
2015,MD,14491642,13882823,31034,64930,66910,63777,58493,530541,253096,879601,45286
2015,ME,2739589,2596180,5396,12835,13311,13544,14028,107109,56273,181613,11600
2015,MI,19025996,17742903,48961,113090,111267,113640,114700,887682,482540,1536231,53686
2015,MN,11684249,11969872,15443,63591,65362,63075,69441,519641,265709,864384,41144
2015,MO,10623391,10540353,33360,67126,69134,67126,64475,549399,269349,919234,35066
2015,MS,4592343,4624539,4867,37573,36092,35922,29561,301491,135375,487200,9766
2015,MT,1804339,1804841,1158,11502,11659,10967,9756,90837,41822,145319,9012
2015,NC,13146934,14060699,18565,116324,118617,117902,99258,945647,462874,1544934,53682
2015,ND,1644533,1804762,2213,8929,8435,7735,7459,66827,30675,108644,6692
2015,NE,4248695,4283846,15665,23374,23366,22656,23549,185325,91650,316014,14036
2015,NH,3093061,3044720,3743,11192,13639,14319,13947,109370,58107,182425,7908
2015,NJ,29335237,28809725,63284,91870,98565,98128,97602,790025,402208,1408845,52456
2015,NM,3789651,3846641,8509,24696,25681,24957,21106,205691,96798,335694,14944
2015,NV,4345419,4183085,5554,34495,36474,35802,32122,289732,136906,467527,48648
2015,NY,63712218,65094591,50430,198024,199866,197997,189562,1601015,820402,2711626,412672
2015,OH,24378660,22561728,33118,124097,127995,131692,119952,1037775,521595,1716585,56932
2015,OK,6121188,6184819,41660,53462,50354,48858,42088,409036,187118,692878,20358
2015,OR,7111710,7011609,0,41625,44558,43067,48735,353184,181598,576407,78126
2015,PA,29967185,29690645,8201,120874,130671,131505,129921,1047793,540546,1717414,78154
2015,RI,2367068,2326473,2450,9897,10900,10945,10752,86796,42871,142014,5594
2015,SC,8759944,8783362,24654,55389,57740,56150,46909,462710,220780,763533,28080
2015,SD,1415149,1464781,3112,11552,10460,9549,8616,82347,37242,134253,5498
2015,TN,9455920,9562527,30352,74240,76904,73899,68585,604802,291841,1001235,48122
2015,TX,55582029,56255791,243496,376824,397085,386627,323708,3188705,1492452,5301477,123526
2015,UT,4705084,4537962,13838,48293,50918,47904,43828,401436,184303,647870,14450
2015,VA,15857524,16113212,33453,90942,96851,95221,90391,772414,386781,1283590,36054
2015,VT,1996795,1969415,7279,5863,5975,6173,6271,48722,26002,87866,7604
2015,WA,13709442,13630138,13733,79692,82404,79483,89258,656797,336808,1087030,97496
2015,WI,11637376,11553677,55907,58078,60999,61084,66253,489919,263896,867800,29836
2015,WV,3478401,3466981,15077,20163,19814,20426,18432,162070,80142,277452,10224
2015,WY,1962874,1942406,509,7841,7551,6902,6299,59453,26914,94717,4060
2016,AK,2494691,2623014,3246,10274,10320,9410,9740,80644,38573,132737,9332
2016,AL,7498567,7708845,14755,55474,57945,55055,52320,452063,222638,744930,20100
2016,AR,5401016,5434193,16181,36917,38598,36351,32881,297045,143085,493447,13190
2016,AZ,8503034,7987011,9704,79760,89184,86312,86960,694046,339195,1123137,49880
2016,CA,89217262,85320133,80903,535379,471141,472340,484169,3747077,1939323,6309138,668516
2016,CO,10123271,9878524,32452,64011,69376,67659,66244,543056,265500,905019,55552
2016,CT,11419673,10826431,18536,36621,39859,41128,40831,313686,166275,535118,18814
2016,DC,1329719,1322563,12544,7574,6295,4557,3800,46680,19052,85850,44816
2016,DE,2043577,2041952,1761,9894,10612,10299,9001,84105,40504,136264,5074
2016,FL,28125598,27945116,60332,201060,212595,208336,197881,1707618,847781,2816791,174246
2016,GA,19403453,19158388,47430,127056,137963,130777,111538,1071088,518772,1764346,64516
2016,HI,3030519,2733094,1648,14652,15459,13091,10574,114606,50216,181550,42594
2016,IA,6919477,6972412,29307,38178,37830,36538,36567,295181,147165,509831,14774
2016,ID,2266490,2100980,2536,21085,23765,22818,21084,184940,88576,297200,11644
2016,IL,32908958,33037244,85018,134735,151903,150595,148457,1188945,618016,2026718,57524
2016,IN,12732161,11535287,18882,76874,78034,78029,77503,628775,323736,1049547,28980
2016,KS,6069563,6134836,19302,35750,37692,35948,33784,293687,141881,494347,10008
2016,KY,7745928,7786281,26902,48888,52487,50098,44668,409089,198579,684017,20890
2016,LA,8397136,8248660,27974,53103,56267,51612,42432,435129,200087,716293,21046
2016,MA,17484704,17037880,29633,66249,72481,72576,71002,570604,295336,964514,94740
2016,MD,14409321,13992191,30945,64472,69182,64522,58303,535023,255781,886221,39480
2016,ME,2845391,2706103,5437,12650,13561,13500,13868,106851,55574,180512,11044
2016,MI,19416061,18001445,48416,115715,111742,113678,115605,880590,479976,1528666,46678
2016,MN,12186135,12848946,18960,63295,67087,64856,70215,524829,267937,875021,38104
2016,MO,10893231,10719882,31808,66052,70736,67278,63744,549447,267733,915040,35318
2016,MS,4755399,4631356,5361,36652,39282,35049,29717,298563,134814,483150,8414
2016,MT,1800909,1879789,1066,11678,11687,11044,9819,91593,42038,146375,7082
2016,NC,13448045,14207389,18782,114414,122411,118048,102028,947000,468113,1550062,47676
2016,ND,1788749,1963630,2665,8843,8678,7938,7376,67741,30457,109706,4788
2016,NE,4398811,4640422,16467,22283,22378,23178,23597,187301,93143,319194,13562
2016,NH,3150473,3124778,3965,11430,13644,14167,13502,108207,57280,180888,7404
2016,NJ,30012666,29665476,62149,91197,101704,100200,98490,794477,402880,1410421,43862
2016,NM,3765069,3729397,7430,24301,26358,24901,21423,204676,99856,336263,12930
2016,NV,4482886,4374249,5426,34626,38160,35895,32940,293071,139723,473744,39590
2016,NY,66912661,68282026,65600,194163,203159,200060,193375,1603446,818799,2729776,398450
2016,OH,23766529,23352516,36148,122516,129706,131039,121467,1031694,519785,1710143,50656
2016,OK,6103728,6184152,41249,52194,52289,49235,42672,409754,189045,693903,21908
2016,OR,7418055,7501954,0,41796,46094,43950,47459,356642,180509,578947,75044
2016,PA,31077289,30925177,7859,122763,133723,133577,132246,1053049,543826,1727497,76154
2016,RI,2401541,2358654,2498,10059,11055,10839,10044,86314,43279,142150,5796
2016,SC,9161667,9187299,25613,55424,60797,56176,48257,466891,223322,771250,27040
2016,SD,1455737,1475864,3290,11643,10866,9728,8708,83779,37590,136302,5138
2016,TN,9585331,9680512,27987,74667,78472,73711,68852,605373,293535,1001562,46292
2016,TX,58284155,59314884,248116,372019,411117,392421,332969,3215536,1525178,5360849,118182
2016,UT,4952923,4923657,15280,48264,52802,49498,45277,407669,188588,659801,13386
2016,VA,16259274,16497520,33281,90800,99258,95234,90500,773615,389330,1287026,31262
2016,VT,2112365,2082696,8498,5822,6194,6117,6187,48535,25573,88428,5762
2016,WA,14964364,15253296,13933,81102,86114,81039,90645,667327,339349,1101711,103862
2016,WI,11697466,11787535,55436,57332,62408,61432,66303,488983,262681,864432,27656
2016,WV,3391579,3366566,14949,19869,20324,19931,18155,159595,79442,273855,7020
2016,WY,2044669,2034229,664,7584,7642,7135,6262,58998,26924,94170,4184
